iso_o,iso_d,colony
ARG,AUS,0
ARG,AUT,0
ARG,BEL,0
ARG,BGD,0
ARG,BGR,0
ARG,BLR,0
ARG,BRA,0
ARG,BRN,0
ARG,CAN,0
ARG,CHE,0
ARG,CHL,0
ARG,CHN,0
ARG,CIV,0
ARG,CMR,0
ARG,COL,0
ARG,CRI,0
ARG,CYP,0
ARG,CZE,0
ARG,DEU,0
ARG,DNK,0
ARG,EGY,0
ARG,ESP,1
ARG,EST,0
ARG,FIN,0
ARG,FRA,0
ARG,GBR,0
ARG,GRC,0
ARG,HKG,0
ARG,HRV,0
ARG,HUN,0
ARG,IDN,0
ARG,IND,0
ARG,IRL,0
ARG,ISL,0
ARG,ISR,0
ARG,ITA,0
ARG,JOR,0
ARG,JPN,0
ARG,KAZ,0
ARG,KHM,0
ARG,KOR,0
ARG,LAO,0
ARG,LTU,0
ARG,LUX,0
ARG,LVA,0
ARG,MAR,0
ARG,MEX,0
ARG,MLT,0
ARG,MMR,0
ARG,MYS,0
ARG,NGA,0
ARG,NLD,0
ARG,NOR,0
ARG,NZL,0
ARG,PAK,0
ARG,PER,0
ARG,PHL,0
ARG,POL,0
ARG,PRT,0
ARG,RUS,0
ARG,SAU,0
ARG,SEN,0
ARG,SGP,0
ARG,SVK,0
ARG,SVN,0
ARG,SWE,0
ARG,THA,0
ARG,TUN,0
ARG,TUR,0
ARG,UKR,0
ARG,USA,0
ARG,VNM,0
ARG,ZAF,0
AUS,ARG,0
AUS,AUT,0
AUS,BEL,0
AUS,BGD,0
AUS,BGR,0
AUS,BLR,0
AUS,BRA,0
AUS,BRN,0
AUS,CAN,0
AUS,CHE,0
AUS,CHL,0
AUS,CHN,0
AUS,CIV,0
AUS,CMR,0
AUS,COL,0
AUS,CRI,0
AUS,CYP,0
AUS,CZE,0
AUS,DEU,0
AUS,DNK,0
AUS,EGY,0
AUS,ESP,0
AUS,EST,0
AUS,FIN,0
AUS,FRA,0
AUS,GBR,1
AUS,GRC,0
AUS,HKG,0
AUS,HRV,0
AUS,HUN,0
AUS,IDN,0
AUS,IND,0
AUS,IRL,0
AUS,ISL,0
AUS,ISR,0
AUS,ITA,0
AUS,JOR,0
AUS,JPN,0
AUS,KAZ,0
AUS,KHM,0
AUS,KOR,0
AUS,LAO,0
AUS,LTU,0
AUS,LUX,0
AUS,LVA,0
AUS,MAR,0
AUS,MEX,0
AUS,MLT,0
AUS,MMR,0
AUS,MYS,0
AUS,NGA,0
AUS,NLD,0
AUS,NOR,0
AUS,NZL,0
AUS,PAK,0
AUS,PER,0
AUS,PHL,0
AUS,POL,0
AUS,PRT,0
AUS,RUS,0
AUS,SAU,0
AUS,SEN,0
AUS,SGP,0
AUS,SVK,0
AUS,SVN,0
AUS,SWE,0
AUS,THA,0
AUS,TUN,0
AUS,TUR,0
AUS,UKR,0
AUS,USA,0
AUS,VNM,0
AUS,ZAF,0
AUT,ARG,0
AUT,AUS,0
AUT,BEL,0
AUT,BGD,0
AUT,BGR,0
AUT,BLR,0
AUT,BRA,0
AUT,BRN,0
AUT,CAN,0
AUT,CHE,0
AUT,CHL,0
AUT,CHN,0
AUT,CIV,0
AUT,CMR,0
AUT,COL,0
AUT,CRI,0
AUT,CYP,0
AUT,CZE,1
AUT,DEU,0
AUT,DNK,0
AUT,EGY,0
AUT,ESP,0
AUT,EST,0
AUT,FIN,0
AUT,FRA,0
AUT,GBR,0
AUT,GRC,0
AUT,HKG,0
AUT,HRV,1
AUT,HUN,0
AUT,IDN,0
AUT,IND,0
AUT,IRL,0
AUT,ISL,0
AUT,ISR,0
AUT,ITA,0
AUT,JOR,0
AUT,JPN,0
AUT,KAZ,0
AUT,KHM,0
AUT,KOR,0
AUT,LAO,0
AUT,LTU,0
AUT,LUX,0
AUT,LVA,0
AUT,MAR,0
AUT,MEX,0
AUT,MLT,0
AUT,MMR,0
AUT,MYS,0
AUT,NGA,0
AUT,NLD,0
AUT,NOR,0
AUT,NZL,0
AUT,PAK,0
AUT,PER,0
AUT,PHL,0
AUT,POL,0
AUT,PRT,0
AUT,RUS,0
AUT,SAU,0
AUT,SEN,0
AUT,SGP,0
AUT,SVK,0
AUT,SVN,1
AUT,SWE,0
AUT,THA,0
AUT,TUN,0
AUT,TUR,0
AUT,UKR,0
AUT,USA,0
AUT,VNM,0
AUT,ZAF,0
BEL,ARG,0
BEL,AUS,0
BEL,AUT,0
BEL,BGD,0
BEL,BGR,0
BEL,BLR,0
BEL,BRA,0
BEL,BRN,0
BEL,CAN,0
BEL,CHE,0
BEL,CHL,0
BEL,CHN,0
BEL,CIV,0
BEL,CMR,0
BEL,COL,0
BEL,CRI,0
BEL,CYP,0
BEL,CZE,0
BEL,DEU,0
BEL,DNK,0
BEL,EGY,0
BEL,ESP,0
BEL,EST,0
BEL,FIN,0
BEL,FRA,0
BEL,GBR,0
BEL,GRC,0
BEL,HKG,0
BEL,HRV,0
BEL,HUN,0
BEL,IDN,0
BEL,IND,0
BEL,IRL,0
BEL,ISL,0
BEL,ISR,0
BEL,ITA,0
BEL,JOR,0
BEL,JPN,0
BEL,KAZ,0
BEL,KHM,0
BEL,KOR,0
BEL,LAO,0
BEL,LTU,0
BEL,LUX,0
BEL,LVA,0
BEL,MAR,0
BEL,MEX,0
BEL,MLT,0
BEL,MMR,0
BEL,MYS,0
BEL,NGA,0
BEL,NLD,0
BEL,NOR,0
BEL,NZL,0
BEL,PAK,0
BEL,PER,0
BEL,PHL,0
BEL,POL,0
BEL,PRT,0
BEL,RUS,0
BEL,SAU,0
BEL,SEN,0
BEL,SGP,0
BEL,SVK,0
BEL,SVN,0
BEL,SWE,0
BEL,THA,0
BEL,TUN,0
BEL,TUR,0
BEL,UKR,0
BEL,USA,0
BEL,VNM,0
BEL,ZAF,0
BGD,ARG,0
BGD,AUS,0
BGD,AUT,0
BGD,BEL,0
BGD,BGR,0
BGD,BLR,0
BGD,BRA,0
BGD,BRN,0
BGD,CAN,0
BGD,CHE,0
BGD,CHL,0
BGD,CHN,0
BGD,CIV,0
BGD,CMR,0
BGD,COL,0
BGD,CRI,0
BGD,CYP,0
BGD,CZE,0
BGD,DEU,0
BGD,DNK,0
BGD,EGY,0
BGD,ESP,0
BGD,EST,0
BGD,FIN,0
BGD,FRA,0
BGD,GBR,1
BGD,GRC,0
BGD,HKG,0
BGD,HRV,0
BGD,HUN,0
BGD,IDN,0
BGD,IND,0
BGD,IRL,0
BGD,ISL,0
BGD,ISR,0
BGD,ITA,0
BGD,JOR,0
BGD,JPN,0
BGD,KAZ,0
BGD,KHM,0
BGD,KOR,0
BGD,LAO,0
BGD,LTU,0
BGD,LUX,0
BGD,LVA,0
BGD,MAR,0
BGD,MEX,0
BGD,MLT,0
BGD,MMR,0
BGD,MYS,0
BGD,NGA,0
BGD,NLD,0
BGD,NOR,0
BGD,NZL,0
BGD,PAK,0
BGD,PER,0
BGD,PHL,0
BGD,POL,0
BGD,PRT,0
BGD,RUS,0
BGD,SAU,0
BGD,SEN,0
BGD,SGP,0
BGD,SVK,0
BGD,SVN,0
BGD,SWE,0
BGD,THA,0
BGD,TUN,0
BGD,TUR,0
BGD,UKR,0
BGD,USA,0
BGD,VNM,0
BGD,ZAF,0
BGR,ARG,0
BGR,AUS,0
BGR,AUT,0
BGR,BEL,0
BGR,BGD,0
BGR,BLR,0
BGR,BRA,0
BGR,BRN,0
BGR,CAN,0
BGR,CHE,0
BGR,CHL,0
BGR,CHN,0
BGR,CIV,0
BGR,CMR,0
BGR,COL,0
BGR,CRI,0
BGR,CYP,0
BGR,CZE,0
BGR,DEU,0
BGR,DNK,0
BGR,EGY,0
BGR,ESP,0
BGR,EST,0
BGR,FIN,0
BGR,FRA,0
BGR,GBR,0
BGR,GRC,0
BGR,HKG,0
BGR,HRV,0
BGR,HUN,0
BGR,IDN,0
BGR,IND,0
BGR,IRL,0
BGR,ISL,0
BGR,ISR,0
BGR,ITA,0
BGR,JOR,0
BGR,JPN,0
BGR,KAZ,0
BGR,KHM,0
BGR,KOR,0
BGR,LAO,0
BGR,LTU,0
BGR,LUX,0
BGR,LVA,0
BGR,MAR,0
BGR,MEX,0
BGR,MLT,0
BGR,MMR,0
BGR,MYS,0
BGR,NGA,0
BGR,NLD,0
BGR,NOR,0
BGR,NZL,0
BGR,PAK,0
BGR,PER,0
BGR,PHL,0
BGR,POL,0
BGR,PRT,0
BGR,RUS,0
BGR,SAU,0
BGR,SEN,0
BGR,SGP,0
BGR,SVK,0
BGR,SVN,0
BGR,SWE,0
BGR,THA,0
BGR,TUN,0
BGR,TUR,1
BGR,UKR,0
BGR,USA,0
BGR,VNM,0
BGR,ZAF,0
BLR,ARG,0
BLR,AUS,0
BLR,AUT,0
BLR,BEL,0
BLR,BGD,0
BLR,BGR,0
BLR,BRA,0
BLR,BRN,0
BLR,CAN,0
BLR,CHE,0
BLR,CHL,0
BLR,CHN,0
BLR,CIV,0
BLR,CMR,0
BLR,COL,0
BLR,CRI,0
BLR,CYP,0
BLR,CZE,0
BLR,DEU,0
BLR,DNK,0
BLR,EGY,0
BLR,ESP,0
BLR,EST,0
BLR,FIN,0
BLR,FRA,0
BLR,GBR,0
BLR,GRC,0
BLR,HKG,0
BLR,HRV,0
BLR,HUN,0
BLR,IDN,0
BLR,IND,0
BLR,IRL,0
BLR,ISL,0
BLR,ISR,0
BLR,ITA,0
BLR,JOR,0
BLR,JPN,0
BLR,KAZ,0
BLR,KHM,0
BLR,KOR,0
BLR,LAO,0
BLR,LTU,0
BLR,LUX,0
BLR,LVA,0
BLR,MAR,0
BLR,MEX,0
BLR,MLT,0
BLR,MMR,0
BLR,MYS,0
BLR,NGA,0
BLR,NLD,0
BLR,NOR,0
BLR,NZL,0
BLR,PAK,0
BLR,PER,0
BLR,PHL,0
BLR,POL,0
BLR,PRT,0
BLR,RUS,1
BLR,SAU,0
BLR,SEN,0
BLR,SGP,0
BLR,SVK,0
BLR,SVN,0
BLR,SWE,0
BLR,THA,0
BLR,TUN,0
BLR,TUR,0
BLR,UKR,0
BLR,USA,0
BLR,VNM,0
BLR,ZAF,0
BRA,ARG,0
BRA,AUS,0
BRA,AUT,0
BRA,BEL,0
BRA,BGD,0
BRA,BGR,0
BRA,BLR,0
BRA,BRN,0
BRA,CAN,0
BRA,CHE,0
BRA,CHL,0
BRA,CHN,0
BRA,CIV,0
BRA,CMR,0
BRA,COL,0
BRA,CRI,0
BRA,CYP,0
BRA,CZE,0
BRA,DEU,0
BRA,DNK,0
BRA,EGY,0
BRA,ESP,0
BRA,EST,0
BRA,FIN,0
BRA,FRA,0
BRA,GBR,0
BRA,GRC,0
BRA,HKG,0
BRA,HRV,0
BRA,HUN,0
BRA,IDN,0
BRA,IND,0
BRA,IRL,0
BRA,ISL,0
BRA,ISR,0
BRA,ITA,0
BRA,JOR,0
BRA,JPN,0
BRA,KAZ,0
BRA,KHM,0
BRA,KOR,0
BRA,LAO,0
BRA,LTU,0
BRA,LUX,0
BRA,LVA,0
BRA,MAR,0
BRA,MEX,0
BRA,MLT,0
BRA,MMR,0
BRA,MYS,0
BRA,NGA,0
BRA,NLD,0
BRA,NOR,0
BRA,NZL,0
BRA,PAK,0
BRA,PER,0
BRA,PHL,0
BRA,POL,0
BRA,PRT,1
BRA,RUS,0
BRA,SAU,0
BRA,SEN,0
BRA,SGP,0
BRA,SVK,0
BRA,SVN,0
BRA,SWE,0
BRA,THA,0
BRA,TUN,0
BRA,TUR,0
BRA,UKR,0
BRA,USA,0
BRA,VNM,0
BRA,ZAF,0
BRN,ARG,0
BRN,AUS,0
BRN,AUT,0
BRN,BEL,0
BRN,BGD,0
BRN,BGR,0
BRN,BLR,0
BRN,BRA,0
BRN,CAN,0
BRN,CHE,0
BRN,CHL,0
BRN,CHN,0
BRN,CIV,0
BRN,CMR,0
BRN,COL,0
BRN,CRI,0
BRN,CYP,0
BRN,CZE,0
BRN,DEU,0
BRN,DNK,0
BRN,EGY,0
BRN,ESP,0
BRN,EST,0
BRN,FIN,0
BRN,FRA,0
BRN,GBR,1
BRN,GRC,0
BRN,HKG,0
BRN,HRV,0
BRN,HUN,0
BRN,IDN,0
BRN,IND,0
BRN,IRL,0
BRN,ISL,0
BRN,ISR,0
BRN,ITA,0
BRN,JOR,0
BRN,JPN,0
BRN,KAZ,0
BRN,KHM,0
BRN,KOR,0
BRN,LAO,0
BRN,LTU,0
BRN,LUX,0
BRN,LVA,0
BRN,MAR,0
BRN,MEX,0
BRN,MLT,0
BRN,MMR,0
BRN,MYS,0
BRN,NGA,0
BRN,NLD,0
BRN,NOR,0
BRN,NZL,0
BRN,PAK,0
BRN,PER,0
BRN,PHL,0
BRN,POL,0
BRN,PRT,0
BRN,RUS,0
BRN,SAU,0
BRN,SEN,0
BRN,SGP,0
BRN,SVK,0
BRN,SVN,0
BRN,SWE,0
BRN,THA,0
BRN,TUN,0
BRN,TUR,0
BRN,UKR,0
BRN,USA,0
BRN,VNM,0
BRN,ZAF,0
CAN,ARG,0
CAN,AUS,0
CAN,AUT,0
CAN,BEL,0
CAN,BGD,0
CAN,BGR,0
CAN,BLR,0
CAN,BRA,0
CAN,BRN,0
CAN,CHE,0
CAN,CHL,0
CAN,CHN,0
CAN,CIV,0
CAN,CMR,0
CAN,COL,0
CAN,CRI,0
CAN,CYP,0
CAN,CZE,0
CAN,DEU,0
CAN,DNK,0
CAN,EGY,0
CAN,ESP,0
CAN,EST,0
CAN,FIN,0
CAN,FRA,1
CAN,GBR,1
CAN,GRC,0
CAN,HKG,0
CAN,HRV,0
CAN,HUN,0
CAN,IDN,0
CAN,IND,0
CAN,IRL,0
CAN,ISL,0
CAN,ISR,0
CAN,ITA,0
CAN,JOR,0
CAN,JPN,0
CAN,KAZ,0
CAN,KHM,0
CAN,KOR,0
CAN,LAO,0
CAN,LTU,0
CAN,LUX,0
CAN,LVA,0
CAN,MAR,0
CAN,MEX,0
CAN,MLT,0
CAN,MMR,0
CAN,MYS,0
CAN,NGA,0
CAN,NLD,0
CAN,NOR,0
CAN,NZL,0
CAN,PAK,0
CAN,PER,0
CAN,PHL,0
CAN,POL,0
CAN,PRT,0
CAN,RUS,0
CAN,SAU,0
CAN,SEN,0
CAN,SGP,0
CAN,SVK,0
CAN,SVN,0
CAN,SWE,0
CAN,THA,0
CAN,TUN,0
CAN,TUR,0
CAN,UKR,0
CAN,USA,0
CAN,VNM,0
CAN,ZAF,0
CHE,ARG,0
CHE,AUS,0
CHE,AUT,0
CHE,BEL,0
CHE,BGD,0
CHE,BGR,0
CHE,BLR,0
CHE,BRA,0
CHE,BRN,0
CHE,CAN,0
CHE,CHL,0
CHE,CHN,0
CHE,CIV,0
CHE,CMR,0
CHE,COL,0
CHE,CRI,0
CHE,CYP,0
CHE,CZE,0
CHE,DEU,0
CHE,DNK,0
CHE,EGY,0
CHE,ESP,0
CHE,EST,0
CHE,FIN,0
CHE,FRA,0
CHE,GBR,0
CHE,GRC,0
CHE,HKG,0
CHE,HRV,0
CHE,HUN,0
CHE,IDN,0
CHE,IND,0
CHE,IRL,0
CHE,ISL,0
CHE,ISR,0
CHE,ITA,0
CHE,JOR,0
CHE,JPN,0
CHE,KAZ,0
CHE,KHM,0
CHE,KOR,0
CHE,LAO,0
CHE,LTU,0
CHE,LUX,0
CHE,LVA,0
CHE,MAR,0
CHE,MEX,0
CHE,MLT,0
CHE,MMR,0
CHE,MYS,0
CHE,NGA,0
CHE,NLD,0
CHE,NOR,0
CHE,NZL,0
CHE,PAK,0
CHE,PER,0
CHE,PHL,0
CHE,POL,0
CHE,PRT,0
CHE,RUS,0
CHE,SAU,0
CHE,SEN,0
CHE,SGP,0
CHE,SVK,0
CHE,SVN,0
CHE,SWE,0
CHE,THA,0
CHE,TUN,0
CHE,TUR,0
CHE,UKR,0
CHE,USA,0
CHE,VNM,0
CHE,ZAF,0
CHL,ARG,0
CHL,AUS,0
CHL,AUT,0
CHL,BEL,0
CHL,BGD,0
CHL,BGR,0
CHL,BLR,0
CHL,BRA,0
CHL,BRN,0
CHL,CAN,0
CHL,CHE,0
CHL,CHN,0
CHL,CIV,0
CHL,CMR,0
CHL,COL,0
CHL,CRI,0
CHL,CYP,0
CHL,CZE,0
CHL,DEU,0
CHL,DNK,0
CHL,EGY,0
CHL,ESP,1
CHL,EST,0
CHL,FIN,0
CHL,FRA,0
CHL,GBR,0
CHL,GRC,0
CHL,HKG,0
CHL,HRV,0
CHL,HUN,0
CHL,IDN,0
CHL,IND,0
CHL,IRL,0
CHL,ISL,0
CHL,ISR,0
CHL,ITA,0
CHL,JOR,0
CHL,JPN,0
CHL,KAZ,0
CHL,KHM,0
CHL,KOR,0
CHL,LAO,0
CHL,LTU,0
CHL,LUX,0
CHL,LVA,0
CHL,MAR,0
CHL,MEX,0
CHL,MLT,0
CHL,MMR,0
CHL,MYS,0
CHL,NGA,0
CHL,NLD,0
CHL,NOR,0
CHL,NZL,0
CHL,PAK,0
CHL,PER,0
CHL,PHL,0
CHL,POL,0
CHL,PRT,0
CHL,RUS,0
CHL,SAU,0
CHL,SEN,0
CHL,SGP,0
CHL,SVK,0
CHL,SVN,0
CHL,SWE,0
CHL,THA,0
CHL,TUN,0
CHL,TUR,0
CHL,UKR,0
CHL,USA,0
CHL,VNM,0
CHL,ZAF,0
CHN,ARG,0
CHN,AUS,0
CHN,AUT,0
CHN,BEL,0
CHN,BGD,0
CHN,BGR,0
CHN,BLR,0
CHN,BRA,0
CHN,BRN,0
CHN,CAN,0
CHN,CHE,0
CHN,CHL,0
CHN,CIV,0
CHN,CMR,0
CHN,COL,0
CHN,CRI,0
CHN,CYP,0
CHN,CZE,0
CHN,DEU,0
CHN,DNK,0
CHN,EGY,0
CHN,ESP,0
CHN,EST,0
CHN,FIN,0
CHN,FRA,0
CHN,GBR,0
CHN,GRC,0
CHN,HKG,0
CHN,HRV,0
CHN,HUN,0
CHN,IDN,0
CHN,IND,0
CHN,IRL,0
CHN,ISL,0
CHN,ISR,0
CHN,ITA,0
CHN,JOR,0
CHN,JPN,0
CHN,KAZ,0
CHN,KHM,0
CHN,KOR,0
CHN,LAO,0
CHN,LTU,0
CHN,LUX,0
CHN,LVA,0
CHN,MAR,0
CHN,MEX,0
CHN,MLT,0
CHN,MMR,0
CHN,MYS,0
CHN,NGA,0
CHN,NLD,0
CHN,NOR,0
CHN,NZL,0
CHN,PAK,0
CHN,PER,0
CHN,PHL,0
CHN,POL,0
CHN,PRT,0
CHN,RUS,0
CHN,SAU,0
CHN,SEN,0
CHN,SGP,0
CHN,SVK,0
CHN,SVN,0
CHN,SWE,0
CHN,THA,0
CHN,TUN,0
CHN,TUR,0
CHN,UKR,0
CHN,USA,0
CHN,VNM,0
CHN,ZAF,0
CIV,ARG,0
CIV,AUS,0
CIV,AUT,0
CIV,BEL,0
CIV,BGD,0
CIV,BGR,0
CIV,BLR,0
CIV,BRA,0
CIV,BRN,0
CIV,CAN,0
CIV,CHE,0
CIV,CHL,0
CIV,CHN,0
CIV,CMR,0
CIV,COL,0
CIV,CRI,0
CIV,CYP,0
CIV,CZE,0
CIV,DEU,0
CIV,DNK,0
CIV,EGY,0
CIV,ESP,0
CIV,EST,0
CIV,FIN,0
CIV,FRA,1
CIV,GBR,0
CIV,GRC,0
CIV,HKG,0
CIV,HRV,0
CIV,HUN,0
CIV,IDN,0
CIV,IND,0
CIV,IRL,0
CIV,ISL,0
CIV,ISR,0
CIV,ITA,0
CIV,JOR,0
CIV,JPN,0
CIV,KAZ,0
CIV,KHM,0
CIV,KOR,0
CIV,LAO,0
CIV,LTU,0
CIV,LUX,0
CIV,LVA,0
CIV,MAR,0
CIV,MEX,0
CIV,MLT,0
CIV,MMR,0
CIV,MYS,0
CIV,NGA,0
CIV,NLD,0
CIV,NOR,0
CIV,NZL,0
CIV,PAK,0
CIV,PER,0
CIV,PHL,0
CIV,POL,0
CIV,PRT,0
CIV,RUS,0
CIV,SAU,0
CIV,SEN,0
CIV,SGP,0
CIV,SVK,0
CIV,SVN,0
CIV,SWE,0
CIV,THA,0
CIV,TUN,0
CIV,TUR,0
CIV,UKR,0
CIV,USA,0
CIV,VNM,0
CIV,ZAF,0
CMR,ARG,0
CMR,AUS,0
CMR,AUT,0
CMR,BEL,0
CMR,BGD,0
CMR,BGR,0
CMR,BLR,0
CMR,BRA,0
CMR,BRN,0
CMR,CAN,0
CMR,CHE,0
CMR,CHL,0
CMR,CHN,0
CMR,CIV,0
CMR,COL,0
CMR,CRI,0
CMR,CYP,0
CMR,CZE,0
CMR,DEU,0
CMR,DNK,0
CMR,EGY,0
CMR,ESP,0
CMR,EST,0
CMR,FIN,0
CMR,FRA,1
CMR,GBR,0
CMR,GRC,0
CMR,HKG,0
CMR,HRV,0
CMR,HUN,0
CMR,IDN,0
CMR,IND,0
CMR,IRL,0
CMR,ISL,0
CMR,ISR,0
CMR,ITA,0
CMR,JOR,0
CMR,JPN,0
CMR,KAZ,0
CMR,KHM,0
CMR,KOR,0
CMR,LAO,0
CMR,LTU,0
CMR,LUX,0
CMR,LVA,0
CMR,MAR,0
CMR,MEX,0
CMR,MLT,0
CMR,MMR,0
CMR,MYS,0
CMR,NGA,0
CMR,NLD,0
CMR,NOR,0
CMR,NZL,0
CMR,PAK,0
CMR,PER,0
CMR,PHL,0
CMR,POL,0
CMR,PRT,0
CMR,RUS,0
CMR,SAU,0
CMR,SEN,0
CMR,SGP,0
CMR,SVK,0
CMR,SVN,0
CMR,SWE,0
CMR,THA,0
CMR,TUN,0
CMR,TUR,0
CMR,UKR,0
CMR,USA,0
CMR,VNM,0
CMR,ZAF,0
COL,ARG,0
COL,AUS,0
COL,AUT,0
COL,BEL,0
COL,BGD,0
COL,BGR,0
COL,BLR,0
COL,BRA,0
COL,BRN,0
COL,CAN,0
COL,CHE,0
COL,CHL,0
COL,CHN,0
COL,CIV,0
COL,CMR,0
COL,CRI,0
COL,CYP,0
COL,CZE,0
COL,DEU,0
COL,DNK,0
COL,EGY,0
COL,ESP,1
COL,EST,0
COL,FIN,0
COL,FRA,0
COL,GBR,0
COL,GRC,0
COL,HKG,0
COL,HRV,0
COL,HUN,0
COL,IDN,0
COL,IND,0
COL,IRL,0
COL,ISL,0
COL,ISR,0
COL,ITA,0
COL,JOR,0
COL,JPN,0
COL,KAZ,0
COL,KHM,0
COL,KOR,0
COL,LAO,0
COL,LTU,0
COL,LUX,0
COL,LVA,0
COL,MAR,0
COL,MEX,0
COL,MLT,0
COL,MMR,0
COL,MYS,0
COL,NGA,0
COL,NLD,0
COL,NOR,0
COL,NZL,0
COL,PAK,0
COL,PER,0
COL,PHL,0
COL,POL,0
COL,PRT,0
COL,RUS,0
COL,SAU,0
COL,SEN,0
COL,SGP,0
COL,SVK,0
COL,SVN,0
COL,SWE,0
COL,THA,0
COL,TUN,0
COL,TUR,0
COL,UKR,0
COL,USA,0
COL,VNM,0
COL,ZAF,0
CRI,ARG,0
CRI,AUS,0
CRI,AUT,0
CRI,BEL,0
CRI,BGD,0
CRI,BGR,0
CRI,BLR,0
CRI,BRA,0
CRI,BRN,0
CRI,CAN,0
CRI,CHE,0
CRI,CHL,0
CRI,CHN,0
CRI,CIV,0
CRI,CMR,0
CRI,COL,0
CRI,CYP,0
CRI,CZE,0
CRI,DEU,0
CRI,DNK,0
CRI,EGY,0
CRI,ESP,1
CRI,EST,0
CRI,FIN,0
CRI,FRA,0
CRI,GBR,0
CRI,GRC,0
CRI,HKG,0
CRI,HRV,0
CRI,HUN,0
CRI,IDN,0
CRI,IND,0
CRI,IRL,0
CRI,ISL,0
CRI,ISR,0
CRI,ITA,0
CRI,JOR,0
CRI,JPN,0
CRI,KAZ,0
CRI,KHM,0
CRI,KOR,0
CRI,LAO,0
CRI,LTU,0
CRI,LUX,0
CRI,LVA,0
CRI,MAR,0
CRI,MEX,0
CRI,MLT,0
CRI,MMR,0
CRI,MYS,0
CRI,NGA,0
CRI,NLD,0
CRI,NOR,0
CRI,NZL,0
CRI,PAK,0
CRI,PER,0
CRI,PHL,0
CRI,POL,0
CRI,PRT,0
CRI,RUS,0
CRI,SAU,0
CRI,SEN,0
CRI,SGP,0
CRI,SVK,0
CRI,SVN,0
CRI,SWE,0
CRI,THA,0
CRI,TUN,0
CRI,TUR,0
CRI,UKR,0
CRI,USA,0
CRI,VNM,0
CRI,ZAF,0
CYP,ARG,0
CYP,AUS,0
CYP,AUT,0
CYP,BEL,0
CYP,BGD,0
CYP,BGR,0
CYP,BLR,0
CYP,BRA,0
CYP,BRN,0
CYP,CAN,0
CYP,CHE,0
CYP,CHL,0
CYP,CHN,0
CYP,CIV,0
CYP,CMR,0
CYP,COL,0
CYP,CRI,0
CYP,CZE,0
CYP,DEU,0
CYP,DNK,0
CYP,EGY,0
CYP,ESP,0
CYP,EST,0
CYP,FIN,0
CYP,FRA,0
CYP,GBR,1
CYP,GRC,1
CYP,HKG,0
CYP,HRV,0
CYP,HUN,0
CYP,IDN,0
CYP,IND,0
CYP,IRL,0
CYP,ISL,0
CYP,ISR,0
CYP,ITA,0
CYP,JOR,0
CYP,JPN,0
CYP,KAZ,0
CYP,KHM,0
CYP,KOR,0
CYP,LAO,0
CYP,LTU,0
CYP,LUX,0
CYP,LVA,0
CYP,MAR,0
CYP,MEX,0
CYP,MLT,0
CYP,MMR,0
CYP,MYS,0
CYP,NGA,0
CYP,NLD,0
CYP,NOR,0
CYP,NZL,0
CYP,PAK,0
CYP,PER,0
CYP,PHL,0
CYP,POL,0
CYP,PRT,0
CYP,RUS,0
CYP,SAU,0
CYP,SEN,0
CYP,SGP,0
CYP,SVK,0
CYP,SVN,0
CYP,SWE,0
CYP,THA,0
CYP,TUN,0
CYP,TUR,1
CYP,UKR,0
CYP,USA,0
CYP,VNM,0
CYP,ZAF,0
CZE,ARG,0
CZE,AUS,0
CZE,AUT,1
CZE,BEL,0
CZE,BGD,0
CZE,BGR,0
CZE,BLR,0
CZE,BRA,0
CZE,BRN,0
CZE,CAN,0
CZE,CHE,0
CZE,CHL,0
CZE,CHN,0
CZE,CIV,0
CZE,CMR,0
CZE,COL,0
CZE,CRI,0
CZE,CYP,0
CZE,DEU,0
CZE,DNK,0
CZE,EGY,0
CZE,ESP,0
CZE,EST,0
CZE,FIN,0
CZE,FRA,0
CZE,GBR,0
CZE,GRC,0
CZE,HKG,0
CZE,HRV,0
CZE,HUN,0
CZE,IDN,0
CZE,IND,0
CZE,IRL,0
CZE,ISL,0
CZE,ISR,0
CZE,ITA,0
CZE,JOR,0
CZE,JPN,0
CZE,KAZ,0
CZE,KHM,0
CZE,KOR,0
CZE,LAO,0
CZE,LTU,0
CZE,LUX,0
CZE,LVA,0
CZE,MAR,0
CZE,MEX,0
CZE,MLT,0
CZE,MMR,0
CZE,MYS,0
CZE,NGA,0
CZE,NLD,0
CZE,NOR,0
CZE,NZL,0
CZE,PAK,0
CZE,PER,0
CZE,PHL,0
CZE,POL,0
CZE,PRT,0
CZE,RUS,0
CZE,SAU,0
CZE,SEN,0
CZE,SGP,0
CZE,SVK,0
CZE,SVN,0
CZE,SWE,0
CZE,THA,0
CZE,TUN,0
CZE,TUR,0
CZE,UKR,0
CZE,USA,0
CZE,VNM,0
CZE,ZAF,0
DEU,ARG,0
DEU,AUS,0
DEU,AUT,0
DEU,BEL,0
DEU,BGD,0
DEU,BGR,0
DEU,BLR,0
DEU,BRA,0
DEU,BRN,0
DEU,CAN,0
DEU,CHE,0
DEU,CHL,0
DEU,CHN,0
DEU,CIV,0
DEU,CMR,0
DEU,COL,0
DEU,CRI,0
DEU,CYP,0
DEU,CZE,0
DEU,DNK,0
DEU,EGY,0
DEU,ESP,0
DEU,EST,0
DEU,FIN,0
DEU,FRA,0
DEU,GBR,0
DEU,GRC,0
DEU,HKG,0
DEU,HRV,0
DEU,HUN,0
DEU,IDN,0
DEU,IND,0
DEU,IRL,0
DEU,ISL,0
DEU,ISR,0
DEU,ITA,0
DEU,JOR,0
DEU,JPN,0
DEU,KAZ,0
DEU,KHM,0
DEU,KOR,0
DEU,LAO,0
DEU,LTU,0
DEU,LUX,0
DEU,LVA,0
DEU,MAR,0
DEU,MEX,0
DEU,MLT,0
DEU,MMR,0
DEU,MYS,0
DEU,NGA,0
DEU,NLD,0
DEU,NOR,0
DEU,NZL,0
DEU,PAK,0
DEU,PER,0
DEU,PHL,0
DEU,POL,1
DEU,PRT,0
DEU,RUS,0
DEU,SAU,0
DEU,SEN,0
DEU,SGP,0
DEU,SVK,0
DEU,SVN,0
DEU,SWE,0
DEU,THA,0
DEU,TUN,0
DEU,TUR,0
DEU,UKR,0
DEU,USA,0
DEU,VNM,0
DEU,ZAF,0
DNK,ARG,0
DNK,AUS,0
DNK,AUT,0
DNK,BEL,0
DNK,BGD,0
DNK,BGR,0
DNK,BLR,0
DNK,BRA,0
DNK,BRN,0
DNK,CAN,0
DNK,CHE,0
DNK,CHL,0
DNK,CHN,0
DNK,CIV,0
DNK,CMR,0
DNK,COL,0
DNK,CRI,0
DNK,CYP,0
DNK,CZE,0
DNK,DEU,0
DNK,EGY,0
DNK,ESP,0
DNK,EST,0
DNK,FIN,0
DNK,FRA,0
DNK,GBR,0
DNK,GRC,0
DNK,HKG,0
DNK,HRV,0
DNK,HUN,0
DNK,IDN,0
DNK,IND,0
DNK,IRL,0
DNK,ISL,1
DNK,ISR,0
DNK,ITA,0
DNK,JOR,0
DNK,JPN,0
DNK,KAZ,0
DNK,KHM,0
DNK,KOR,0
DNK,LAO,0
DNK,LTU,0
DNK,LUX,0
DNK,LVA,0
DNK,MAR,0
DNK,MEX,0
DNK,MLT,0
DNK,MMR,0
DNK,MYS,0
DNK,NGA,0
DNK,NLD,0
DNK,NOR,0
DNK,NZL,0
DNK,PAK,0
DNK,PER,0
DNK,PHL,0
DNK,POL,0
DNK,PRT,0
DNK,RUS,0
DNK,SAU,0
DNK,SEN,0
DNK,SGP,0
DNK,SVK,0
DNK,SVN,0
DNK,SWE,0
DNK,THA,0
DNK,TUN,0
DNK,TUR,0
DNK,UKR,0
DNK,USA,0
DNK,VNM,0
DNK,ZAF,0
EGY,ARG,0
EGY,AUS,0
EGY,AUT,0
EGY,BEL,0
EGY,BGD,0
EGY,BGR,0
EGY,BLR,0
EGY,BRA,0
EGY,BRN,0
EGY,CAN,0
EGY,CHE,0
EGY,CHL,0
EGY,CHN,0
EGY,CIV,0
EGY,CMR,0
EGY,COL,0
EGY,CRI,0
EGY,CYP,0
EGY,CZE,0
EGY,DEU,0
EGY,DNK,0
EGY,ESP,0
EGY,EST,0
EGY,FIN,0
EGY,FRA,0
EGY,GBR,1
EGY,GRC,0
EGY,HKG,0
EGY,HRV,0
EGY,HUN,0
EGY,IDN,0
EGY,IND,0
EGY,IRL,0
EGY,ISL,0
EGY,ISR,0
EGY,ITA,0
EGY,JOR,0
EGY,JPN,0
EGY,KAZ,0
EGY,KHM,0
EGY,KOR,0
EGY,LAO,0
EGY,LTU,0
EGY,LUX,0
EGY,LVA,0
EGY,MAR,0
EGY,MEX,0
EGY,MLT,0
EGY,MMR,0
EGY,MYS,0
EGY,NGA,0
EGY,NLD,0
EGY,NOR,0
EGY,NZL,0
EGY,PAK,0
EGY,PER,0
EGY,PHL,0
EGY,POL,0
EGY,PRT,0
EGY,RUS,0
EGY,SAU,0
EGY,SEN,0
EGY,SGP,0
EGY,SVK,0
EGY,SVN,0
EGY,SWE,0
EGY,THA,0
EGY,TUN,0
EGY,TUR,1
EGY,UKR,0
EGY,USA,0
EGY,VNM,0
EGY,ZAF,0
ESP,ARG,1
ESP,AUS,0
ESP,AUT,0
ESP,BEL,0
ESP,BGD,0
ESP,BGR,0
ESP,BLR,0
ESP,BRA,0
ESP,BRN,0
ESP,CAN,0
ESP,CHE,0
ESP,CHL,1
ESP,CHN,0
ESP,CIV,0
ESP,CMR,0
ESP,COL,1
ESP,CRI,1
ESP,CYP,0
ESP,CZE,0
ESP,DEU,0
ESP,DNK,0
ESP,EGY,0
ESP,EST,0
ESP,FIN,0
ESP,FRA,0
ESP,GBR,0
ESP,GRC,0
ESP,HKG,0
ESP,HRV,0
ESP,HUN,0
ESP,IDN,0
ESP,IND,0
ESP,IRL,0
ESP,ISL,0
ESP,ISR,0
ESP,ITA,0
ESP,JOR,0
ESP,JPN,0
ESP,KAZ,0
ESP,KHM,0
ESP,KOR,0
ESP,LAO,0
ESP,LTU,0
ESP,LUX,0
ESP,LVA,0
ESP,MAR,0
ESP,MEX,1
ESP,MLT,0
ESP,MMR,0
ESP,MYS,0
ESP,NGA,0
ESP,NLD,0
ESP,NOR,0
ESP,NZL,0
ESP,PAK,0
ESP,PER,1
ESP,PHL,1
ESP,POL,0
ESP,PRT,0
ESP,RUS,0
ESP,SAU,0
ESP,SEN,0
ESP,SGP,0
ESP,SVK,0
ESP,SVN,0
ESP,SWE,0
ESP,THA,0
ESP,TUN,0
ESP,TUR,0
ESP,UKR,0
ESP,USA,1
ESP,VNM,0
ESP,ZAF,0
EST,ARG,0
EST,AUS,0
EST,AUT,0
EST,BEL,0
EST,BGD,0
EST,BGR,0
EST,BLR,0
EST,BRA,0
EST,BRN,0
EST,CAN,0
EST,CHE,0
EST,CHL,0
EST,CHN,0
EST,CIV,0
EST,CMR,0
EST,COL,0
EST,CRI,0
EST,CYP,0
EST,CZE,0
EST,DEU,0
EST,DNK,0
EST,EGY,0
EST,ESP,0
EST,FIN,0
EST,FRA,0
EST,GBR,0
EST,GRC,0
EST,HKG,0
EST,HRV,0
EST,HUN,0
EST,IDN,0
EST,IND,0
EST,IRL,0
EST,ISL,0
EST,ISR,0
EST,ITA,0
EST,JOR,0
EST,JPN,0
EST,KAZ,0
EST,KHM,0
EST,KOR,0
EST,LAO,0
EST,LTU,0
EST,LUX,0
EST,LVA,0
EST,MAR,0
EST,MEX,0
EST,MLT,0
EST,MMR,0
EST,MYS,0
EST,NGA,0
EST,NLD,0
EST,NOR,0
EST,NZL,0
EST,PAK,0
EST,PER,0
EST,PHL,0
EST,POL,0
EST,PRT,0
EST,RUS,1
EST,SAU,0
EST,SEN,0
EST,SGP,0
EST,SVK,0
EST,SVN,0
EST,SWE,1
EST,THA,0
EST,TUN,0
EST,TUR,0
EST,UKR,0
EST,USA,0
EST,VNM,0
EST,ZAF,0
FIN,ARG,0
FIN,AUS,0
FIN,AUT,0
FIN,BEL,0
FIN,BGD,0
FIN,BGR,0
FIN,BLR,0
FIN,BRA,0
FIN,BRN,0
FIN,CAN,0
FIN,CHE,0
FIN,CHL,0
FIN,CHN,0
FIN,CIV,0
FIN,CMR,0
FIN,COL,0
FIN,CRI,0
FIN,CYP,0
FIN,CZE,0
FIN,DEU,0
FIN,DNK,0
FIN,EGY,0
FIN,ESP,0
FIN,EST,0
FIN,FRA,0
FIN,GBR,0
FIN,GRC,0
FIN,HKG,0
FIN,HRV,0
FIN,HUN,0
FIN,IDN,0
FIN,IND,0
FIN,IRL,0
FIN,ISL,0
FIN,ISR,0
FIN,ITA,0
FIN,JOR,0
FIN,JPN,0
FIN,KAZ,0
FIN,KHM,0
FIN,KOR,0
FIN,LAO,0
FIN,LTU,0
FIN,LUX,0
FIN,LVA,0
FIN,MAR,0
FIN,MEX,0
FIN,MLT,0
FIN,MMR,0
FIN,MYS,0
FIN,NGA,0
FIN,NLD,0
FIN,NOR,0
FIN,NZL,0
FIN,PAK,0
FIN,PER,0
FIN,PHL,0
FIN,POL,0
FIN,PRT,0
FIN,RUS,1
FIN,SAU,0
FIN,SEN,0
FIN,SGP,0
FIN,SVK,0
FIN,SVN,0
FIN,SWE,1
FIN,THA,0
FIN,TUN,0
FIN,TUR,0
FIN,UKR,0
FIN,USA,0
FIN,VNM,0
FIN,ZAF,0
FRA,ARG,0
FRA,AUS,0
FRA,AUT,0
FRA,BEL,0
FRA,BGD,0
FRA,BGR,0
FRA,BLR,0
FRA,BRA,0
FRA,BRN,0
FRA,CAN,1
FRA,CHE,0
FRA,CHL,0
FRA,CHN,0
FRA,CIV,1
FRA,CMR,1
FRA,COL,0
FRA,CRI,0
FRA,CYP,0
FRA,CZE,0
FRA,DEU,0
FRA,DNK,0
FRA,EGY,0
FRA,ESP,0
FRA,EST,0
FRA,FIN,0
FRA,GBR,0
FRA,GRC,0
FRA,HKG,0
FRA,HRV,0
FRA,HUN,0
FRA,IDN,0
FRA,IND,0
FRA,IRL,0
FRA,ISL,0
FRA,ISR,0
FRA,ITA,0
FRA,JOR,0
FRA,JPN,0
FRA,KAZ,0
FRA,KHM,1
FRA,KOR,0
FRA,LAO,1
FRA,LTU,0
FRA,LUX,0
FRA,LVA,0
FRA,MAR,1
FRA,MEX,0
FRA,MLT,0
FRA,MMR,0
FRA,MYS,0
FRA,NGA,0
FRA,NLD,0
FRA,NOR,0
FRA,NZL,0
FRA,PAK,0
FRA,PER,0
FRA,PHL,0
FRA,POL,0
FRA,PRT,0
FRA,RUS,0
FRA,SAU,0
FRA,SEN,1
FRA,SGP,0
FRA,SVK,0
FRA,SVN,0
FRA,SWE,0
FRA,THA,0
FRA,TUN,1
FRA,TUR,0
FRA,UKR,0
FRA,USA,1
FRA,VNM,1
FRA,ZAF,0
GBR,ARG,0
GBR,AUS,1
GBR,AUT,0
GBR,BEL,0
GBR,BGD,1
GBR,BGR,0
GBR,BLR,0
GBR,BRA,0
GBR,BRN,1
GBR,CAN,1
GBR,CHE,0
GBR,CHL,0
GBR,CHN,0
GBR,CIV,0
GBR,CMR,0
GBR,COL,0
GBR,CRI,0
GBR,CYP,1
GBR,CZE,0
GBR,DEU,0
GBR,DNK,0
GBR,EGY,1
GBR,ESP,0
GBR,EST,0
GBR,FIN,0
GBR,FRA,0
GBR,GRC,0
GBR,HKG,1
GBR,HRV,0
GBR,HUN,0
GBR,IDN,0
GBR,IND,1
GBR,IRL,1
GBR,ISL,0
GBR,ISR,1
GBR,ITA,0
GBR,JOR,1
GBR,JPN,0
GBR,KAZ,0
GBR,KHM,0
GBR,KOR,0
GBR,LAO,0
GBR,LTU,0
GBR,LUX,0
GBR,LVA,0
GBR,MAR,0
GBR,MEX,0
GBR,MLT,1
GBR,MMR,1
GBR,MYS,1
GBR,NGA,1
GBR,NLD,0
GBR,NOR,0
GBR,NZL,1
GBR,PAK,1
GBR,PER,0
GBR,PHL,0
GBR,POL,0
GBR,PRT,0
GBR,RUS,0
GBR,SAU,0
GBR,SEN,0
GBR,SGP,1
GBR,SVK,0
GBR,SVN,0
GBR,SWE,0
GBR,THA,0
GBR,TUN,0
GBR,TUR,0
GBR,UKR,0
GBR,USA,1
GBR,VNM,0
GBR,ZAF,1
GRC,ARG,0
GRC,AUS,0
GRC,AUT,0
GRC,BEL,0
GRC,BGD,0
GRC,BGR,0
GRC,BLR,0
GRC,BRA,0
GRC,BRN,0
GRC,CAN,0
GRC,CHE,0
GRC,CHL,0
GRC,CHN,0
GRC,CIV,0
GRC,CMR,0
GRC,COL,0
GRC,CRI,0
GRC,CYP,1
GRC,CZE,0
GRC,DEU,0
GRC,DNK,0
GRC,EGY,0
GRC,ESP,0
GRC,EST,0
GRC,FIN,0
GRC,FRA,0
GRC,GBR,0
GRC,HKG,0
GRC,HRV,0
GRC,HUN,0
GRC,IDN,0
GRC,IND,0
GRC,IRL,0
GRC,ISL,0
GRC,ISR,0
GRC,ITA,0
GRC,JOR,0
GRC,JPN,0
GRC,KAZ,0
GRC,KHM,0
GRC,KOR,0
GRC,LAO,0
GRC,LTU,0
GRC,LUX,0
GRC,LVA,0
GRC,MAR,0
GRC,MEX,0
GRC,MLT,0
GRC,MMR,0
GRC,MYS,0
GRC,NGA,0
GRC,NLD,0
GRC,NOR,0
GRC,NZL,0
GRC,PAK,0
GRC,PER,0
GRC,PHL,0
GRC,POL,0
GRC,PRT,0
GRC,RUS,0
GRC,SAU,0
GRC,SEN,0
GRC,SGP,0
GRC,SVK,0
GRC,SVN,0
GRC,SWE,0
GRC,THA,0
GRC,TUN,0
GRC,TUR,1
GRC,UKR,0
GRC,USA,0
GRC,VNM,0
GRC,ZAF,0
HKG,ARG,0
HKG,AUS,0
HKG,AUT,0
HKG,BEL,0
HKG,BGD,0
HKG,BGR,0
HKG,BLR,0
HKG,BRA,0
HKG,BRN,0
HKG,CAN,0
HKG,CHE,0
HKG,CHL,0
HKG,CHN,0
HKG,CIV,0
HKG,CMR,0
HKG,COL,0
HKG,CRI,0
HKG,CYP,0
HKG,CZE,0
HKG,DEU,0
HKG,DNK,0
HKG,EGY,0
HKG,ESP,0
HKG,EST,0
HKG,FIN,0
HKG,FRA,0
HKG,GBR,1
HKG,GRC,0
HKG,HRV,0
HKG,HUN,0
HKG,IDN,0
HKG,IND,0
HKG,IRL,0
HKG,ISL,0
HKG,ISR,0
HKG,ITA,0
HKG,JOR,0
HKG,JPN,0
HKG,KAZ,0
HKG,KHM,0
HKG,KOR,0
HKG,LAO,0
HKG,LTU,0
HKG,LUX,0
HKG,LVA,0
HKG,MAR,0
HKG,MEX,0
HKG,MLT,0
HKG,MMR,0
HKG,MYS,0
HKG,NGA,0
HKG,NLD,0
HKG,NOR,0
HKG,NZL,0
HKG,PAK,0
HKG,PER,0
HKG,PHL,0
HKG,POL,0
HKG,PRT,0
HKG,RUS,0
HKG,SAU,0
HKG,SEN,0
HKG,SGP,0
HKG,SVK,0
HKG,SVN,0
HKG,SWE,0
HKG,THA,0
HKG,TUN,0
HKG,TUR,0
HKG,UKR,0
HKG,USA,0
HKG,VNM,0
HKG,ZAF,0
HRV,ARG,0
HRV,AUS,0
HRV,AUT,1
HRV,BEL,0
HRV,BGD,0
HRV,BGR,0
HRV,BLR,0
HRV,BRA,0
HRV,BRN,0
HRV,CAN,0
HRV,CHE,0
HRV,CHL,0
HRV,CHN,0
HRV,CIV,0
HRV,CMR,0
HRV,COL,0
HRV,CRI,0
HRV,CYP,0
HRV,CZE,0
HRV,DEU,0
HRV,DNK,0
HRV,EGY,0
HRV,ESP,0
HRV,EST,0
HRV,FIN,0
HRV,FRA,0
HRV,GBR,0
HRV,GRC,0
HRV,HKG,0
HRV,HUN,0
HRV,IDN,0
HRV,IND,0
HRV,IRL,0
HRV,ISL,0
HRV,ISR,0
HRV,ITA,0
HRV,JOR,0
HRV,JPN,0
HRV,KAZ,0
HRV,KHM,0
HRV,KOR,0
HRV,LAO,0
HRV,LTU,0
HRV,LUX,0
HRV,LVA,0
HRV,MAR,0
HRV,MEX,0
HRV,MLT,0
HRV,MMR,0
HRV,MYS,0
HRV,NGA,0
HRV,NLD,0
HRV,NOR,0
HRV,NZL,0
HRV,PAK,0
HRV,PER,0
HRV,PHL,0
HRV,POL,0
HRV,PRT,0
HRV,RUS,0
HRV,SAU,0
HRV,SEN,0
HRV,SGP,0
HRV,SVK,0
HRV,SVN,0
HRV,SWE,0
HRV,THA,0
HRV,TUN,0
HRV,TUR,0
HRV,UKR,0
HRV,USA,0
HRV,VNM,0
HRV,ZAF,0
HUN,ARG,0
HUN,AUS,0
HUN,AUT,0
HUN,BEL,0
HUN,BGD,0
HUN,BGR,0
HUN,BLR,0
HUN,BRA,0
HUN,BRN,0
HUN,CAN,0
HUN,CHE,0
HUN,CHL,0
HUN,CHN,0
HUN,CIV,0
HUN,CMR,0
HUN,COL,0
HUN,CRI,0
HUN,CYP,0
HUN,CZE,0
HUN,DEU,0
HUN,DNK,0
HUN,EGY,0
HUN,ESP,0
HUN,EST,0
HUN,FIN,0
HUN,FRA,0
HUN,GBR,0
HUN,GRC,0
HUN,HKG,0
HUN,HRV,0
HUN,IDN,0
HUN,IND,0
HUN,IRL,0
HUN,ISL,0
HUN,ISR,0
HUN,ITA,0
HUN,JOR,0
HUN,JPN,0
HUN,KAZ,0
HUN,KHM,0
HUN,KOR,0
HUN,LAO,0
HUN,LTU,0
HUN,LUX,0
HUN,LVA,0
HUN,MAR,0
HUN,MEX,0
HUN,MLT,0
HUN,MMR,0
HUN,MYS,0
HUN,NGA,0
HUN,NLD,0
HUN,NOR,0
HUN,NZL,0
HUN,PAK,0
HUN,PER,0
HUN,PHL,0
HUN,POL,0
HUN,PRT,0
HUN,RUS,0
HUN,SAU,0
HUN,SEN,0
HUN,SGP,0
HUN,SVK,1
HUN,SVN,0
HUN,SWE,0
HUN,THA,0
HUN,TUN,0
HUN,TUR,0
HUN,UKR,0
HUN,USA,0
HUN,VNM,0
HUN,ZAF,0
IDN,ARG,0
IDN,AUS,0
IDN,AUT,0
IDN,BEL,0
IDN,BGD,0
IDN,BGR,0
IDN,BLR,0
IDN,BRA,0
IDN,BRN,0
IDN,CAN,0
IDN,CHE,0
IDN,CHL,0
IDN,CHN,0
IDN,CIV,0
IDN,CMR,0
IDN,COL,0
IDN,CRI,0
IDN,CYP,0
IDN,CZE,0
IDN,DEU,0
IDN,DNK,0
IDN,EGY,0
IDN,ESP,0
IDN,EST,0
IDN,FIN,0
IDN,FRA,0
IDN,GBR,0
IDN,GRC,0
IDN,HKG,0
IDN,HRV,0
IDN,HUN,0
IDN,IND,0
IDN,IRL,0
IDN,ISL,0
IDN,ISR,0
IDN,ITA,0
IDN,JOR,0
IDN,JPN,0
IDN,KAZ,0
IDN,KHM,0
IDN,KOR,0
IDN,LAO,0
IDN,LTU,0
IDN,LUX,0
IDN,LVA,0
IDN,MAR,0
IDN,MEX,0
IDN,MLT,0
IDN,MMR,0
IDN,MYS,0
IDN,NGA,0
IDN,NLD,1
IDN,NOR,0
IDN,NZL,0
IDN,PAK,0
IDN,PER,0
IDN,PHL,0
IDN,POL,0
IDN,PRT,0
IDN,RUS,0
IDN,SAU,0
IDN,SEN,0
IDN,SGP,0
IDN,SVK,0
IDN,SVN,0
IDN,SWE,0
IDN,THA,0
IDN,TUN,0
IDN,TUR,0
IDN,UKR,0
IDN,USA,0
IDN,VNM,0
IDN,ZAF,0
IND,ARG,0
IND,AUS,0
IND,AUT,0
IND,BEL,0
IND,BGD,0
IND,BGR,0
IND,BLR,0
IND,BRA,0
IND,BRN,0
IND,CAN,0
IND,CHE,0
IND,CHL,0
IND,CHN,0
IND,CIV,0
IND,CMR,0
IND,COL,0
IND,CRI,0
IND,CYP,0
IND,CZE,0
IND,DEU,0
IND,DNK,0
IND,EGY,0
IND,ESP,0
IND,EST,0
IND,FIN,0
IND,FRA,0
IND,GBR,1
IND,GRC,0
IND,HKG,0
IND,HRV,0
IND,HUN,0
IND,IDN,0
IND,IRL,0
IND,ISL,0
IND,ISR,0
IND,ITA,0
IND,JOR,0
IND,JPN,0
IND,KAZ,0
IND,KHM,0
IND,KOR,0
IND,LAO,0
IND,LTU,0
IND,LUX,0
IND,LVA,0
IND,MAR,0
IND,MEX,0
IND,MLT,0
IND,MMR,0
IND,MYS,0
IND,NGA,0
IND,NLD,0
IND,NOR,0
IND,NZL,0
IND,PAK,0
IND,PER,0
IND,PHL,0
IND,POL,0
IND,PRT,0
IND,RUS,0
IND,SAU,0
IND,SEN,0
IND,SGP,0
IND,SVK,0
IND,SVN,0
IND,SWE,0
IND,THA,0
IND,TUN,0
IND,TUR,0
IND,UKR,0
IND,USA,0
IND,VNM,0
IND,ZAF,0
IRL,ARG,0
IRL,AUS,0
IRL,AUT,0
IRL,BEL,0
IRL,BGD,0
IRL,BGR,0
IRL,BLR,0
IRL,BRA,0
IRL,BRN,0
IRL,CAN,0
IRL,CHE,0
IRL,CHL,0
IRL,CHN,0
IRL,CIV,0
IRL,CMR,0
IRL,COL,0
IRL,CRI,0
IRL,CYP,0
IRL,CZE,0
IRL,DEU,0
IRL,DNK,0
IRL,EGY,0
IRL,ESP,0
IRL,EST,0
IRL,FIN,0
IRL,FRA,0
IRL,GBR,1
IRL,GRC,0
IRL,HKG,0
IRL,HRV,0
IRL,HUN,0
IRL,IDN,0
IRL,IND,0
IRL,ISL,0
IRL,ISR,0
IRL,ITA,0
IRL,JOR,0
IRL,JPN,0
IRL,KAZ,0
IRL,KHM,0
IRL,KOR,0
IRL,LAO,0
IRL,LTU,0
IRL,LUX,0
IRL,LVA,0
IRL,MAR,0
IRL,MEX,0
IRL,MLT,0
IRL,MMR,0
IRL,MYS,0
IRL,NGA,0
IRL,NLD,0
IRL,NOR,0
IRL,NZL,0
IRL,PAK,0
IRL,PER,0
IRL,PHL,0
IRL,POL,0
IRL,PRT,0
IRL,RUS,0
IRL,SAU,0
IRL,SEN,0
IRL,SGP,0
IRL,SVK,0
IRL,SVN,0
IRL,SWE,0
IRL,THA,0
IRL,TUN,0
IRL,TUR,0
IRL,UKR,0
IRL,USA,0
IRL,VNM,0
IRL,ZAF,0
ISL,ARG,0
ISL,AUS,0
ISL,AUT,0
ISL,BEL,0
ISL,BGD,0
ISL,BGR,0
ISL,BLR,0
ISL,BRA,0
ISL,BRN,0
ISL,CAN,0
ISL,CHE,0
ISL,CHL,0
ISL,CHN,0
ISL,CIV,0
ISL,CMR,0
ISL,COL,0
ISL,CRI,0
ISL,CYP,0
ISL,CZE,0
ISL,DEU,0
ISL,DNK,1
ISL,EGY,0
ISL,ESP,0
ISL,EST,0
ISL,FIN,0
ISL,FRA,0
ISL,GBR,0
ISL,GRC,0
ISL,HKG,0
ISL,HRV,0
ISL,HUN,0
ISL,IDN,0
ISL,IND,0
ISL,IRL,0
ISL,ISR,0
ISL,ITA,0
ISL,JOR,0
ISL,JPN,0
ISL,KAZ,0
ISL,KHM,0
ISL,KOR,0
ISL,LAO,0
ISL,LTU,0
ISL,LUX,0
ISL,LVA,0
ISL,MAR,0
ISL,MEX,0
ISL,MLT,0
ISL,MMR,0
ISL,MYS,0
ISL,NGA,0
ISL,NLD,0
ISL,NOR,0
ISL,NZL,0
ISL,PAK,0
ISL,PER,0
ISL,PHL,0
ISL,POL,0
ISL,PRT,0
ISL,RUS,0
ISL,SAU,0
ISL,SEN,0
ISL,SGP,0
ISL,SVK,0
ISL,SVN,0
ISL,SWE,0
ISL,THA,0
ISL,TUN,0
ISL,TUR,0
ISL,UKR,0
ISL,USA,0
ISL,VNM,0
ISL,ZAF,0
ISR,ARG,0
ISR,AUS,0
ISR,AUT,0
ISR,BEL,0
ISR,BGD,0
ISR,BGR,0
ISR,BLR,0
ISR,BRA,0
ISR,BRN,0
ISR,CAN,0
ISR,CHE,0
ISR,CHL,0
ISR,CHN,0
ISR,CIV,0
ISR,CMR,0
ISR,COL,0
ISR,CRI,0
ISR,CYP,0
ISR,CZE,0
ISR,DEU,0
ISR,DNK,0
ISR,EGY,0
ISR,ESP,0
ISR,EST,0
ISR,FIN,0
ISR,FRA,0
ISR,GBR,1
ISR,GRC,0
ISR,HKG,0
ISR,HRV,0
ISR,HUN,0
ISR,IDN,0
ISR,IND,0
ISR,IRL,0
ISR,ISL,0
ISR,ITA,0
ISR,JOR,0
ISR,JPN,0
ISR,KAZ,0
ISR,KHM,0
ISR,KOR,0
ISR,LAO,0
ISR,LTU,0
ISR,LUX,0
ISR,LVA,0
ISR,MAR,0
ISR,MEX,0
ISR,MLT,0
ISR,MMR,0
ISR,MYS,0
ISR,NGA,0
ISR,NLD,0
ISR,NOR,0
ISR,NZL,0
ISR,PAK,0
ISR,PER,0
ISR,PHL,0
ISR,POL,0
ISR,PRT,0
ISR,RUS,0
ISR,SAU,0
ISR,SEN,0
ISR,SGP,0
ISR,SVK,0
ISR,SVN,0
ISR,SWE,0
ISR,THA,0
ISR,TUN,0
ISR,TUR,0
ISR,UKR,0
ISR,USA,0
ISR,VNM,0
ISR,ZAF,0
ITA,ARG,0
ITA,AUS,0
ITA,AUT,0
ITA,BEL,0
ITA,BGD,0
ITA,BGR,0
ITA,BLR,0
ITA,BRA,0
ITA,BRN,0
ITA,CAN,0
ITA,CHE,0
ITA,CHL,0
ITA,CHN,0
ITA,CIV,0
ITA,CMR,0
ITA,COL,0
ITA,CRI,0
ITA,CYP,0
ITA,CZE,0
ITA,DEU,0
ITA,DNK,0
ITA,EGY,0
ITA,ESP,0
ITA,EST,0
ITA,FIN,0
ITA,FRA,0
ITA,GBR,0
ITA,GRC,0
ITA,HKG,0
ITA,HRV,0
ITA,HUN,0
ITA,IDN,0
ITA,IND,0
ITA,IRL,0
ITA,ISL,0
ITA,ISR,0
ITA,JOR,0
ITA,JPN,0
ITA,KAZ,0
ITA,KHM,0
ITA,KOR,0
ITA,LAO,0
ITA,LTU,0
ITA,LUX,0
ITA,LVA,0
ITA,MAR,0
ITA,MEX,0
ITA,MLT,0
ITA,MMR,0
ITA,MYS,0
ITA,NGA,0
ITA,NLD,0
ITA,NOR,0
ITA,NZL,0
ITA,PAK,0
ITA,PER,0
ITA,PHL,0
ITA,POL,0
ITA,PRT,0
ITA,RUS,0
ITA,SAU,0
ITA,SEN,0
ITA,SGP,0
ITA,SVK,0
ITA,SVN,0
ITA,SWE,0
ITA,THA,0
ITA,TUN,0
ITA,TUR,0
ITA,UKR,0
ITA,USA,0
ITA,VNM,0
ITA,ZAF,0
JOR,ARG,0
JOR,AUS,0
JOR,AUT,0
JOR,BEL,0
JOR,BGD,0
JOR,BGR,0
JOR,BLR,0
JOR,BRA,0
JOR,BRN,0
JOR,CAN,0
JOR,CHE,0
JOR,CHL,0
JOR,CHN,0
JOR,CIV,0
JOR,CMR,0
JOR,COL,0
JOR,CRI,0
JOR,CYP,0
JOR,CZE,0
JOR,DEU,0
JOR,DNK,0
JOR,EGY,0
JOR,ESP,0
JOR,EST,0
JOR,FIN,0
JOR,FRA,0
JOR,GBR,1
JOR,GRC,0
JOR,HKG,0
JOR,HRV,0
JOR,HUN,0
JOR,IDN,0
JOR,IND,0
JOR,IRL,0
JOR,ISL,0
JOR,ISR,0
JOR,ITA,0
JOR,JPN,0
JOR,KAZ,0
JOR,KHM,0
JOR,KOR,0
JOR,LAO,0
JOR,LTU,0
JOR,LUX,0
JOR,LVA,0
JOR,MAR,0
JOR,MEX,0
JOR,MLT,0
JOR,MMR,0
JOR,MYS,0
JOR,NGA,0
JOR,NLD,0
JOR,NOR,0
JOR,NZL,0
JOR,PAK,0
JOR,PER,0
JOR,PHL,0
JOR,POL,0
JOR,PRT,0
JOR,RUS,0
JOR,SAU,0
JOR,SEN,0
JOR,SGP,0
JOR,SVK,0
JOR,SVN,0
JOR,SWE,0
JOR,THA,0
JOR,TUN,0
JOR,TUR,0
JOR,UKR,0
JOR,USA,0
JOR,VNM,0
JOR,ZAF,0
JPN,ARG,0
JPN,AUS,0
JPN,AUT,0
JPN,BEL,0
JPN,BGD,0
JPN,BGR,0
JPN,BLR,0
JPN,BRA,0
JPN,BRN,0
JPN,CAN,0
JPN,CHE,0
JPN,CHL,0
JPN,CHN,0
JPN,CIV,0
JPN,CMR,0
JPN,COL,0
JPN,CRI,0
JPN,CYP,0
JPN,CZE,0
JPN,DEU,0
JPN,DNK,0
JPN,EGY,0
JPN,ESP,0
JPN,EST,0
JPN,FIN,0
JPN,FRA,0
JPN,GBR,0
JPN,GRC,0
JPN,HKG,0
JPN,HRV,0
JPN,HUN,0
JPN,IDN,0
JPN,IND,0
JPN,IRL,0
JPN,ISL,0
JPN,ISR,0
JPN,ITA,0
JPN,JOR,0
JPN,KAZ,0
JPN,KHM,0
JPN,KOR,1
JPN,LAO,0
JPN,LTU,0
JPN,LUX,0
JPN,LVA,0
JPN,MAR,0
JPN,MEX,0
JPN,MLT,0
JPN,MMR,0
JPN,MYS,0
JPN,NGA,0
JPN,NLD,0
JPN,NOR,0
JPN,NZL,0
JPN,PAK,0
JPN,PER,0
JPN,PHL,0
JPN,POL,0
JPN,PRT,0
JPN,RUS,0
JPN,SAU,0
JPN,SEN,0
JPN,SGP,0
JPN,SVK,0
JPN,SVN,0
JPN,SWE,0
JPN,THA,0
JPN,TUN,0
JPN,TUR,0
JPN,UKR,0
JPN,USA,0
JPN,VNM,0
JPN,ZAF,0
KAZ,ARG,0
KAZ,AUS,0
KAZ,AUT,0
KAZ,BEL,0
KAZ,BGD,0
KAZ,BGR,0
KAZ,BLR,0
KAZ,BRA,0
KAZ,BRN,0
KAZ,CAN,0
KAZ,CHE,0
KAZ,CHL,0
KAZ,CHN,0
KAZ,CIV,0
KAZ,CMR,0
KAZ,COL,0
KAZ,CRI,0
KAZ,CYP,0
KAZ,CZE,0
KAZ,DEU,0
KAZ,DNK,0
KAZ,EGY,0
KAZ,ESP,0
KAZ,EST,0
KAZ,FIN,0
KAZ,FRA,0
KAZ,GBR,0
KAZ,GRC,0
KAZ,HKG,0
KAZ,HRV,0
KAZ,HUN,0
KAZ,IDN,0
KAZ,IND,0
KAZ,IRL,0
KAZ,ISL,0
KAZ,ISR,0
KAZ,ITA,0
KAZ,JOR,0
KAZ,JPN,0
KAZ,KHM,0
KAZ,KOR,0
KAZ,LAO,0
KAZ,LTU,0
KAZ,LUX,0
KAZ,LVA,0
KAZ,MAR,0
KAZ,MEX,0
KAZ,MLT,0
KAZ,MMR,0
KAZ,MYS,0
KAZ,NGA,0
KAZ,NLD,0
KAZ,NOR,0
KAZ,NZL,0
KAZ,PAK,0
KAZ,PER,0
KAZ,PHL,0
KAZ,POL,0
KAZ,PRT,0
KAZ,RUS,1
KAZ,SAU,0
KAZ,SEN,0
KAZ,SGP,0
KAZ,SVK,0
KAZ,SVN,0
KAZ,SWE,0
KAZ,THA,0
KAZ,TUN,0
KAZ,TUR,0
KAZ,UKR,0
KAZ,USA,0
KAZ,VNM,0
KAZ,ZAF,0
KHM,ARG,0
KHM,AUS,0
KHM,AUT,0
KHM,BEL,0
KHM,BGD,0
KHM,BGR,0
KHM,BLR,0
KHM,BRA,0
KHM,BRN,0
KHM,CAN,0
KHM,CHE,0
KHM,CHL,0
KHM,CHN,0
KHM,CIV,0
KHM,CMR,0
KHM,COL,0
KHM,CRI,0
KHM,CYP,0
KHM,CZE,0
KHM,DEU,0
KHM,DNK,0
KHM,EGY,0
KHM,ESP,0
KHM,EST,0
KHM,FIN,0
KHM,FRA,1
KHM,GBR,0
KHM,GRC,0
KHM,HKG,0
KHM,HRV,0
KHM,HUN,0
KHM,IDN,0
KHM,IND,0
KHM,IRL,0
KHM,ISL,0
KHM,ISR,0
KHM,ITA,0
KHM,JOR,0
KHM,JPN,0
KHM,KAZ,0
KHM,KOR,0
KHM,LAO,0
KHM,LTU,0
KHM,LUX,0
KHM,LVA,0
KHM,MAR,0
KHM,MEX,0
KHM,MLT,0
KHM,MMR,0
KHM,MYS,0
KHM,NGA,0
KHM,NLD,0
KHM,NOR,0
KHM,NZL,0
KHM,PAK,0
KHM,PER,0
KHM,PHL,0
KHM,POL,0
KHM,PRT,0
KHM,RUS,0
KHM,SAU,0
KHM,SEN,0
KHM,SGP,0
KHM,SVK,0
KHM,SVN,0
KHM,SWE,0
KHM,THA,0
KHM,TUN,0
KHM,TUR,0
KHM,UKR,0
KHM,USA,0
KHM,VNM,0
KHM,ZAF,0
KOR,ARG,0
KOR,AUS,0
KOR,AUT,0
KOR,BEL,0
KOR,BGD,0
KOR,BGR,0
KOR,BLR,0
KOR,BRA,0
KOR,BRN,0
KOR,CAN,0
KOR,CHE,0
KOR,CHL,0
KOR,CHN,0
KOR,CIV,0
KOR,CMR,0
KOR,COL,0
KOR,CRI,0
KOR,CYP,0
KOR,CZE,0
KOR,DEU,0
KOR,DNK,0
KOR,EGY,0
KOR,ESP,0
KOR,EST,0
KOR,FIN,0
KOR,FRA,0
KOR,GBR,0
KOR,GRC,0
KOR,HKG,0
KOR,HRV,0
KOR,HUN,0
KOR,IDN,0
KOR,IND,0
KOR,IRL,0
KOR,ISL,0
KOR,ISR,0
KOR,ITA,0
KOR,JOR,0
KOR,JPN,1
KOR,KAZ,0
KOR,KHM,0
KOR,LAO,0
KOR,LTU,0
KOR,LUX,0
KOR,LVA,0
KOR,MAR,0
KOR,MEX,0
KOR,MLT,0
KOR,MMR,0
KOR,MYS,0
KOR,NGA,0
KOR,NLD,0
KOR,NOR,0
KOR,NZL,0
KOR,PAK,0
KOR,PER,0
KOR,PHL,0
KOR,POL,0
KOR,PRT,0
KOR,RUS,0
KOR,SAU,0
KOR,SEN,0
KOR,SGP,0
KOR,SVK,0
KOR,SVN,0
KOR,SWE,0
KOR,THA,0
KOR,TUN,0
KOR,TUR,0
KOR,UKR,0
KOR,USA,0
KOR,VNM,0
KOR,ZAF,0
LAO,ARG,0
LAO,AUS,0
LAO,AUT,0
LAO,BEL,0
LAO,BGD,0
LAO,BGR,0
LAO,BLR,0
LAO,BRA,0
LAO,BRN,0
LAO,CAN,0
LAO,CHE,0
LAO,CHL,0
LAO,CHN,0
LAO,CIV,0
LAO,CMR,0
LAO,COL,0
LAO,CRI,0
LAO,CYP,0
LAO,CZE,0
LAO,DEU,0
LAO,DNK,0
LAO,EGY,0
LAO,ESP,0
LAO,EST,0
LAO,FIN,0
LAO,FRA,1
LAO,GBR,0
LAO,GRC,0
LAO,HKG,0
LAO,HRV,0
LAO,HUN,0
LAO,IDN,0
LAO,IND,0
LAO,IRL,0
LAO,ISL,0
LAO,ISR,0
LAO,ITA,0
LAO,JOR,0
LAO,JPN,0
LAO,KAZ,0
LAO,KHM,0
LAO,KOR,0
LAO,LTU,0
LAO,LUX,0
LAO,LVA,0
LAO,MAR,0
LAO,MEX,0
LAO,MLT,0
LAO,MMR,0
LAO,MYS,0
LAO,NGA,0
LAO,NLD,0
LAO,NOR,0
LAO,NZL,0
LAO,PAK,0
LAO,PER,0
LAO,PHL,0
LAO,POL,0
LAO,PRT,0
LAO,RUS,0
LAO,SAU,0
LAO,SEN,0
LAO,SGP,0
LAO,SVK,0
LAO,SVN,0
LAO,SWE,0
LAO,THA,0
LAO,TUN,0
LAO,TUR,0
LAO,UKR,0
LAO,USA,0
LAO,VNM,0
LAO,ZAF,0
LTU,ARG,0
LTU,AUS,0
LTU,AUT,0
LTU,BEL,0
LTU,BGD,0
LTU,BGR,0
LTU,BLR,0
LTU,BRA,0
LTU,BRN,0
LTU,CAN,0
LTU,CHE,0
LTU,CHL,0
LTU,CHN,0
LTU,CIV,0
LTU,CMR,0
LTU,COL,0
LTU,CRI,0
LTU,CYP,0
LTU,CZE,0
LTU,DEU,0
LTU,DNK,0
LTU,EGY,0
LTU,ESP,0
LTU,EST,0
LTU,FIN,0
LTU,FRA,0
LTU,GBR,0
LTU,GRC,0
LTU,HKG,0
LTU,HRV,0
LTU,HUN,0
LTU,IDN,0
LTU,IND,0
LTU,IRL,0
LTU,ISL,0
LTU,ISR,0
LTU,ITA,0
LTU,JOR,0
LTU,JPN,0
LTU,KAZ,0
LTU,KHM,0
LTU,KOR,0
LTU,LAO,0
LTU,LUX,0
LTU,LVA,0
LTU,MAR,0
LTU,MEX,0
LTU,MLT,0
LTU,MMR,0
LTU,MYS,0
LTU,NGA,0
LTU,NLD,0
LTU,NOR,0
LTU,NZL,0
LTU,PAK,0
LTU,PER,0
LTU,PHL,0
LTU,POL,0
LTU,PRT,0
LTU,RUS,1
LTU,SAU,0
LTU,SEN,0
LTU,SGP,0
LTU,SVK,0
LTU,SVN,0
LTU,SWE,0
LTU,THA,0
LTU,TUN,0
LTU,TUR,0
LTU,UKR,0
LTU,USA,0
LTU,VNM,0
LTU,ZAF,0
LUX,ARG,0
LUX,AUS,0
LUX,AUT,0
LUX,BEL,0
LUX,BGD,0
LUX,BGR,0
LUX,BLR,0
LUX,BRA,0
LUX,BRN,0
LUX,CAN,0
LUX,CHE,0
LUX,CHL,0
LUX,CHN,0
LUX,CIV,0
LUX,CMR,0
LUX,COL,0
LUX,CRI,0
LUX,CYP,0
LUX,CZE,0
LUX,DEU,0
LUX,DNK,0
LUX,EGY,0
LUX,ESP,0
LUX,EST,0
LUX,FIN,0
LUX,FRA,0
LUX,GBR,0
LUX,GRC,0
LUX,HKG,0
LUX,HRV,0
LUX,HUN,0
LUX,IDN,0
LUX,IND,0
LUX,IRL,0
LUX,ISL,0
LUX,ISR,0
LUX,ITA,0
LUX,JOR,0
LUX,JPN,0
LUX,KAZ,0
LUX,KHM,0
LUX,KOR,0
LUX,LAO,0
LUX,LTU,0
LUX,LVA,0
LUX,MAR,0
LUX,MEX,0
LUX,MLT,0
LUX,MMR,0
LUX,MYS,0
LUX,NGA,0
LUX,NLD,1
LUX,NOR,0
LUX,NZL,0
LUX,PAK,0
LUX,PER,0
LUX,PHL,0
LUX,POL,0
LUX,PRT,0
LUX,RUS,0
LUX,SAU,0
LUX,SEN,0
LUX,SGP,0
LUX,SVK,0
LUX,SVN,0
LUX,SWE,0
LUX,THA,0
LUX,TUN,0
LUX,TUR,0
LUX,UKR,0
LUX,USA,0
LUX,VNM,0
LUX,ZAF,0
LVA,ARG,0
LVA,AUS,0
LVA,AUT,0
LVA,BEL,0
LVA,BGD,0
LVA,BGR,0
LVA,BLR,0
LVA,BRA,0
LVA,BRN,0
LVA,CAN,0
LVA,CHE,0
LVA,CHL,0
LVA,CHN,0
LVA,CIV,0
LVA,CMR,0
LVA,COL,0
LVA,CRI,0
LVA,CYP,0
LVA,CZE,0
LVA,DEU,0
LVA,DNK,0
LVA,EGY,0
LVA,ESP,0
LVA,EST,0
LVA,FIN,0
LVA,FRA,0
LVA,GBR,0
LVA,GRC,0
LVA,HKG,0
LVA,HRV,0
LVA,HUN,0
LVA,IDN,0
LVA,IND,0
LVA,IRL,0
LVA,ISL,0
LVA,ISR,0
LVA,ITA,0
LVA,JOR,0
LVA,JPN,0
LVA,KAZ,0
LVA,KHM,0
LVA,KOR,0
LVA,LAO,0
LVA,LTU,0
LVA,LUX,0
LVA,MAR,0
LVA,MEX,0
LVA,MLT,0
LVA,MMR,0
LVA,MYS,0
LVA,NGA,0
LVA,NLD,0
LVA,NOR,0
LVA,NZL,0
LVA,PAK,0
LVA,PER,0
LVA,PHL,0
LVA,POL,0
LVA,PRT,0
LVA,RUS,1
LVA,SAU,0
LVA,SEN,0
LVA,SGP,0
LVA,SVK,0
LVA,SVN,0
LVA,SWE,0
LVA,THA,0
LVA,TUN,0
LVA,TUR,0
LVA,UKR,0
LVA,USA,0
LVA,VNM,0
LVA,ZAF,0
MAR,ARG,0
MAR,AUS,0
MAR,AUT,0
MAR,BEL,0
MAR,BGD,0
MAR,BGR,0
MAR,BLR,0
MAR,BRA,0
MAR,BRN,0
MAR,CAN,0
MAR,CHE,0
MAR,CHL,0
MAR,CHN,0
MAR,CIV,0
MAR,CMR,0
MAR,COL,0
MAR,CRI,0
MAR,CYP,0
MAR,CZE,0
MAR,DEU,0
MAR,DNK,0
MAR,EGY,0
MAR,ESP,0
MAR,EST,0
MAR,FIN,0
MAR,FRA,1
MAR,GBR,0
MAR,GRC,0
MAR,HKG,0
MAR,HRV,0
MAR,HUN,0
MAR,IDN,0
MAR,IND,0
MAR,IRL,0
MAR,ISL,0
MAR,ISR,0
MAR,ITA,0
MAR,JOR,0
MAR,JPN,0
MAR,KAZ,0
MAR,KHM,0
MAR,KOR,0
MAR,LAO,0
MAR,LTU,0
MAR,LUX,0
MAR,LVA,0
MAR,MEX,0
MAR,MLT,0
MAR,MMR,0
MAR,MYS,0
MAR,NGA,0
MAR,NLD,0
MAR,NOR,0
MAR,NZL,0
MAR,PAK,0
MAR,PER,0
MAR,PHL,0
MAR,POL,0
MAR,PRT,0
MAR,RUS,0
MAR,SAU,0
MAR,SEN,0
MAR,SGP,0
MAR,SVK,0
MAR,SVN,0
MAR,SWE,0
MAR,THA,0
MAR,TUN,0
MAR,TUR,0
MAR,UKR,0
MAR,USA,0
MAR,VNM,0
MAR,ZAF,0
MEX,ARG,0
MEX,AUS,0
MEX,AUT,0
MEX,BEL,0
MEX,BGD,0
MEX,BGR,0
MEX,BLR,0
MEX,BRA,0
MEX,BRN,0
MEX,CAN,0
MEX,CHE,0
MEX,CHL,0
MEX,CHN,0
MEX,CIV,0
MEX,CMR,0
MEX,COL,0
MEX,CRI,0
MEX,CYP,0
MEX,CZE,0
MEX,DEU,0
MEX,DNK,0
MEX,EGY,0
MEX,ESP,1
MEX,EST,0
MEX,FIN,0
MEX,FRA,0
MEX,GBR,0
MEX,GRC,0
MEX,HKG,0
MEX,HRV,0
MEX,HUN,0
MEX,IDN,0
MEX,IND,0
MEX,IRL,0
MEX,ISL,0
MEX,ISR,0
MEX,ITA,0
MEX,JOR,0
MEX,JPN,0
MEX,KAZ,0
MEX,KHM,0
MEX,KOR,0
MEX,LAO,0
MEX,LTU,0
MEX,LUX,0
MEX,LVA,0
MEX,MAR,0
MEX,MLT,0
MEX,MMR,0
MEX,MYS,0
MEX,NGA,0
MEX,NLD,0
MEX,NOR,0
MEX,NZL,0
MEX,PAK,0
MEX,PER,0
MEX,PHL,0
MEX,POL,0
MEX,PRT,0
MEX,RUS,0
MEX,SAU,0
MEX,SEN,0
MEX,SGP,0
MEX,SVK,0
MEX,SVN,0
MEX,SWE,0
MEX,THA,0
MEX,TUN,0
MEX,TUR,0
MEX,UKR,0
MEX,USA,0
MEX,VNM,0
MEX,ZAF,0
MLT,ARG,0
MLT,AUS,0
MLT,AUT,0
MLT,BEL,0
MLT,BGD,0
MLT,BGR,0
MLT,BLR,0
MLT,BRA,0
MLT,BRN,0
MLT,CAN,0
MLT,CHE,0
MLT,CHL,0
MLT,CHN,0
MLT,CIV,0
MLT,CMR,0
MLT,COL,0
MLT,CRI,0
MLT,CYP,0
MLT,CZE,0
MLT,DEU,0
MLT,DNK,0
MLT,EGY,0
MLT,ESP,0
MLT,EST,0
MLT,FIN,0
MLT,FRA,0
MLT,GBR,1
MLT,GRC,0
MLT,HKG,0
MLT,HRV,0
MLT,HUN,0
MLT,IDN,0
MLT,IND,0
MLT,IRL,0
MLT,ISL,0
MLT,ISR,0
MLT,ITA,0
MLT,JOR,0
MLT,JPN,0
MLT,KAZ,0
MLT,KHM,0
MLT,KOR,0
MLT,LAO,0
MLT,LTU,0
MLT,LUX,0
MLT,LVA,0
MLT,MAR,0
MLT,MEX,0
MLT,MMR,0
MLT,MYS,0
MLT,NGA,0
MLT,NLD,0
MLT,NOR,0
MLT,NZL,0
MLT,PAK,0
MLT,PER,0
MLT,PHL,0
MLT,POL,0
MLT,PRT,0
MLT,RUS,0
MLT,SAU,0
MLT,SEN,0
MLT,SGP,0
MLT,SVK,0
MLT,SVN,0
MLT,SWE,0
MLT,THA,0
MLT,TUN,0
MLT,TUR,0
MLT,UKR,0
MLT,USA,0
MLT,VNM,0
MLT,ZAF,0
MMR,ARG,0
MMR,AUS,0
MMR,AUT,0
MMR,BEL,0
MMR,BGD,0
MMR,BGR,0
MMR,BLR,0
MMR,BRA,0
MMR,BRN,0
MMR,CAN,0
MMR,CHE,0
MMR,CHL,0
MMR,CHN,0
MMR,CIV,0
MMR,CMR,0
MMR,COL,0
MMR,CRI,0
MMR,CYP,0
MMR,CZE,0
MMR,DEU,0
MMR,DNK,0
MMR,EGY,0
MMR,ESP,0
MMR,EST,0
MMR,FIN,0
MMR,FRA,0
MMR,GBR,1
MMR,GRC,0
MMR,HKG,0
MMR,HRV,0
MMR,HUN,0
MMR,IDN,0
MMR,IND,0
MMR,IRL,0
MMR,ISL,0
MMR,ISR,0
MMR,ITA,0
MMR,JOR,0
MMR,JPN,0
MMR,KAZ,0
MMR,KHM,0
MMR,KOR,0
MMR,LAO,0
MMR,LTU,0
MMR,LUX,0
MMR,LVA,0
MMR,MAR,0
MMR,MEX,0
MMR,MLT,0
MMR,MYS,0
MMR,NGA,0
MMR,NLD,0
MMR,NOR,0
MMR,NZL,0
MMR,PAK,0
MMR,PER,0
MMR,PHL,0
MMR,POL,0
MMR,PRT,0
MMR,RUS,0
MMR,SAU,0
MMR,SEN,0
MMR,SGP,0
MMR,SVK,0
MMR,SVN,0
MMR,SWE,0
MMR,THA,0
MMR,TUN,0
MMR,TUR,0
MMR,UKR,0
MMR,USA,0
MMR,VNM,0
MMR,ZAF,0
MYS,ARG,0
MYS,AUS,0
MYS,AUT,0
MYS,BEL,0
MYS,BGD,0
MYS,BGR,0
MYS,BLR,0
MYS,BRA,0
MYS,BRN,0
MYS,CAN,0
MYS,CHE,0
MYS,CHL,0
MYS,CHN,0
MYS,CIV,0
MYS,CMR,0
MYS,COL,0
MYS,CRI,0
MYS,CYP,0
MYS,CZE,0
MYS,DEU,0
MYS,DNK,0
MYS,EGY,0
MYS,ESP,0
MYS,EST,0
MYS,FIN,0
MYS,FRA,0
MYS,GBR,1
MYS,GRC,0
MYS,HKG,0
MYS,HRV,0
MYS,HUN,0
MYS,IDN,0
MYS,IND,0
MYS,IRL,0
MYS,ISL,0
MYS,ISR,0
MYS,ITA,0
MYS,JOR,0
MYS,JPN,0
MYS,KAZ,0
MYS,KHM,0
MYS,KOR,0
MYS,LAO,0
MYS,LTU,0
MYS,LUX,0
MYS,LVA,0
MYS,MAR,0
MYS,MEX,0
MYS,MLT,0
MYS,MMR,0
MYS,NGA,0
MYS,NLD,0
MYS,NOR,0
MYS,NZL,0
MYS,PAK,0
MYS,PER,0
MYS,PHL,0
MYS,POL,0
MYS,PRT,0
MYS,RUS,0
MYS,SAU,0
MYS,SEN,0
MYS,SGP,0
MYS,SVK,0
MYS,SVN,0
MYS,SWE,0
MYS,THA,0
MYS,TUN,0
MYS,TUR,0
MYS,UKR,0
MYS,USA,0
MYS,VNM,0
MYS,ZAF,0
NGA,ARG,0
NGA,AUS,0
NGA,AUT,0
NGA,BEL,0
NGA,BGD,0
NGA,BGR,0
NGA,BLR,0
NGA,BRA,0
NGA,BRN,0
NGA,CAN,0
NGA,CHE,0
NGA,CHL,0
NGA,CHN,0
NGA,CIV,0
NGA,CMR,0
NGA,COL,0
NGA,CRI,0
NGA,CYP,0
NGA,CZE,0
NGA,DEU,0
NGA,DNK,0
NGA,EGY,0
NGA,ESP,0
NGA,EST,0
NGA,FIN,0
NGA,FRA,0
NGA,GBR,1
NGA,GRC,0
NGA,HKG,0
NGA,HRV,0
NGA,HUN,0
NGA,IDN,0
NGA,IND,0
NGA,IRL,0
NGA,ISL,0
NGA,ISR,0
NGA,ITA,0
NGA,JOR,0
NGA,JPN,0
NGA,KAZ,0
NGA,KHM,0
NGA,KOR,0
NGA,LAO,0
NGA,LTU,0
NGA,LUX,0
NGA,LVA,0
NGA,MAR,0
NGA,MEX,0
NGA,MLT,0
NGA,MMR,0
NGA,MYS,0
NGA,NLD,0
NGA,NOR,0
NGA,NZL,0
NGA,PAK,0
NGA,PER,0
NGA,PHL,0
NGA,POL,0
NGA,PRT,0
NGA,RUS,0
NGA,SAU,0
NGA,SEN,0
NGA,SGP,0
NGA,SVK,0
NGA,SVN,0
NGA,SWE,0
NGA,THA,0
NGA,TUN,0
NGA,TUR,0
NGA,UKR,0
NGA,USA,0
NGA,VNM,0
NGA,ZAF,0
NLD,ARG,0
NLD,AUS,0
NLD,AUT,0
NLD,BEL,0
NLD,BGD,0
NLD,BGR,0
NLD,BLR,0
NLD,BRA,0
NLD,BRN,0
NLD,CAN,0
NLD,CHE,0
NLD,CHL,0
NLD,CHN,0
NLD,CIV,0
NLD,CMR,0
NLD,COL,0
NLD,CRI,0
NLD,CYP,0
NLD,CZE,0
NLD,DEU,0
NLD,DNK,0
NLD,EGY,0
NLD,ESP,0
NLD,EST,0
NLD,FIN,0
NLD,FRA,0
NLD,GBR,0
NLD,GRC,0
NLD,HKG,0
NLD,HRV,0
NLD,HUN,0
NLD,IDN,1
NLD,IND,0
NLD,IRL,0
NLD,ISL,0
NLD,ISR,0
NLD,ITA,0
NLD,JOR,0
NLD,JPN,0
NLD,KAZ,0
NLD,KHM,0
NLD,KOR,0
NLD,LAO,0
NLD,LTU,0
NLD,LUX,1
NLD,LVA,0
NLD,MAR,0
NLD,MEX,0
NLD,MLT,0
NLD,MMR,0
NLD,MYS,0
NLD,NGA,0
NLD,NOR,0
NLD,NZL,0
NLD,PAK,0
NLD,PER,0
NLD,PHL,0
NLD,POL,0
NLD,PRT,0
NLD,RUS,0
NLD,SAU,0
NLD,SEN,0
NLD,SGP,0
NLD,SVK,0
NLD,SVN,0
NLD,SWE,0
NLD,THA,0
NLD,TUN,0
NLD,TUR,0
NLD,UKR,0
NLD,USA,0
NLD,VNM,0
NLD,ZAF,1
NOR,ARG,0
NOR,AUS,0
NOR,AUT,0
NOR,BEL,0
NOR,BGD,0
NOR,BGR,0
NOR,BLR,0
NOR,BRA,0
NOR,BRN,0
NOR,CAN,0
NOR,CHE,0
NOR,CHL,0
NOR,CHN,0
NOR,CIV,0
NOR,CMR,0
NOR,COL,0
NOR,CRI,0
NOR,CYP,0
NOR,CZE,0
NOR,DEU,0
NOR,DNK,0
NOR,EGY,0
NOR,ESP,0
NOR,EST,0
NOR,FIN,0
NOR,FRA,0
NOR,GBR,0
NOR,GRC,0
NOR,HKG,0
NOR,HRV,0
NOR,HUN,0
NOR,IDN,0
NOR,IND,0
NOR,IRL,0
NOR,ISL,0
NOR,ISR,0
NOR,ITA,0
NOR,JOR,0
NOR,JPN,0
NOR,KAZ,0
NOR,KHM,0
NOR,KOR,0
NOR,LAO,0
NOR,LTU,0
NOR,LUX,0
NOR,LVA,0
NOR,MAR,0
NOR,MEX,0
NOR,MLT,0
NOR,MMR,0
NOR,MYS,0
NOR,NGA,0
NOR,NLD,0
NOR,NZL,0
NOR,PAK,0
NOR,PER,0
NOR,PHL,0
NOR,POL,0
NOR,PRT,0
NOR,RUS,0
NOR,SAU,0
NOR,SEN,0
NOR,SGP,0
NOR,SVK,0
NOR,SVN,0
NOR,SWE,0
NOR,THA,0
NOR,TUN,0
NOR,TUR,0
NOR,UKR,0
NOR,USA,0
NOR,VNM,0
NOR,ZAF,0
NZL,ARG,0
NZL,AUS,0
NZL,AUT,0
NZL,BEL,0
NZL,BGD,0
NZL,BGR,0
NZL,BLR,0
NZL,BRA,0
NZL,BRN,0
NZL,CAN,0
NZL,CHE,0
NZL,CHL,0
NZL,CHN,0
NZL,CIV,0
NZL,CMR,0
NZL,COL,0
NZL,CRI,0
NZL,CYP,0
NZL,CZE,0
NZL,DEU,0
NZL,DNK,0
NZL,EGY,0
NZL,ESP,0
NZL,EST,0
NZL,FIN,0
NZL,FRA,0
NZL,GBR,1
NZL,GRC,0
NZL,HKG,0
NZL,HRV,0
NZL,HUN,0
NZL,IDN,0
NZL,IND,0
NZL,IRL,0
NZL,ISL,0
NZL,ISR,0
NZL,ITA,0
NZL,JOR,0
NZL,JPN,0
NZL,KAZ,0
NZL,KHM,0
NZL,KOR,0
NZL,LAO,0
NZL,LTU,0
NZL,LUX,0
NZL,LVA,0
NZL,MAR,0
NZL,MEX,0
NZL,MLT,0
NZL,MMR,0
NZL,MYS,0
NZL,NGA,0
NZL,NLD,0
NZL,NOR,0
NZL,PAK,0
NZL,PER,0
NZL,PHL,0
NZL,POL,0
NZL,PRT,0
NZL,RUS,0
NZL,SAU,0
NZL,SEN,0
NZL,SGP,0
NZL,SVK,0
NZL,SVN,0
NZL,SWE,0
NZL,THA,0
NZL,TUN,0
NZL,TUR,0
NZL,UKR,0
NZL,USA,0
NZL,VNM,0
NZL,ZAF,0
PAK,ARG,0
PAK,AUS,0
PAK,AUT,0
PAK,BEL,0
PAK,BGD,0
PAK,BGR,0
PAK,BLR,0
PAK,BRA,0
PAK,BRN,0
PAK,CAN,0
PAK,CHE,0
PAK,CHL,0
PAK,CHN,0
PAK,CIV,0
PAK,CMR,0
PAK,COL,0
PAK,CRI,0
PAK,CYP,0
PAK,CZE,0
PAK,DEU,0
PAK,DNK,0
PAK,EGY,0
PAK,ESP,0
PAK,EST,0
PAK,FIN,0
PAK,FRA,0
PAK,GBR,1
PAK,GRC,0
PAK,HKG,0
PAK,HRV,0
PAK,HUN,0
PAK,IDN,0
PAK,IND,0
PAK,IRL,0
PAK,ISL,0
PAK,ISR,0
PAK,ITA,0
PAK,JOR,0
PAK,JPN,0
PAK,KAZ,0
PAK,KHM,0
PAK,KOR,0
PAK,LAO,0
PAK,LTU,0
PAK,LUX,0
PAK,LVA,0
PAK,MAR,0
PAK,MEX,0
PAK,MLT,0
PAK,MMR,0
PAK,MYS,0
PAK,NGA,0
PAK,NLD,0
PAK,NOR,0
PAK,NZL,0
PAK,PER,0
PAK,PHL,0
PAK,POL,0
PAK,PRT,0
PAK,RUS,0
PAK,SAU,0
PAK,SEN,0
PAK,SGP,0
PAK,SVK,0
PAK,SVN,0
PAK,SWE,0
PAK,THA,0
PAK,TUN,0
PAK,TUR,0
PAK,UKR,0
PAK,USA,0
PAK,VNM,0
PAK,ZAF,0
PER,ARG,0
PER,AUS,0
PER,AUT,0
PER,BEL,0
PER,BGD,0
PER,BGR,0
PER,BLR,0
PER,BRA,0
PER,BRN,0
PER,CAN,0
PER,CHE,0
PER,CHL,0
PER,CHN,0
PER,CIV,0
PER,CMR,0
PER,COL,0
PER,CRI,0
PER,CYP,0
PER,CZE,0
PER,DEU,0
PER,DNK,0
PER,EGY,0
PER,ESP,1
PER,EST,0
PER,FIN,0
PER,FRA,0
PER,GBR,0
PER,GRC,0
PER,HKG,0
PER,HRV,0
PER,HUN,0
PER,IDN,0
PER,IND,0
PER,IRL,0
PER,ISL,0
PER,ISR,0
PER,ITA,0
PER,JOR,0
PER,JPN,0
PER,KAZ,0
PER,KHM,0
PER,KOR,0
PER,LAO,0
PER,LTU,0
PER,LUX,0
PER,LVA,0
PER,MAR,0
PER,MEX,0
PER,MLT,0
PER,MMR,0
PER,MYS,0
PER,NGA,0
PER,NLD,0
PER,NOR,0
PER,NZL,0
PER,PAK,0
PER,PHL,0
PER,POL,0
PER,PRT,0
PER,RUS,0
PER,SAU,0
PER,SEN,0
PER,SGP,0
PER,SVK,0
PER,SVN,0
PER,SWE,0
PER,THA,0
PER,TUN,0
PER,TUR,0
PER,UKR,0
PER,USA,0
PER,VNM,0
PER,ZAF,0
PHL,ARG,0
PHL,AUS,0
PHL,AUT,0
PHL,BEL,0
PHL,BGD,0
PHL,BGR,0
PHL,BLR,0
PHL,BRA,0
PHL,BRN,0
PHL,CAN,0
PHL,CHE,0
PHL,CHL,0
PHL,CHN,0
PHL,CIV,0
PHL,CMR,0
PHL,COL,0
PHL,CRI,0
PHL,CYP,0
PHL,CZE,0
PHL,DEU,0
PHL,DNK,0
PHL,EGY,0
PHL,ESP,1
PHL,EST,0
PHL,FIN,0
PHL,FRA,0
PHL,GBR,0
PHL,GRC,0
PHL,HKG,0
PHL,HRV,0
PHL,HUN,0
PHL,IDN,0
PHL,IND,0
PHL,IRL,0
PHL,ISL,0
PHL,ISR,0
PHL,ITA,0
PHL,JOR,0
PHL,JPN,0
PHL,KAZ,0
PHL,KHM,0
PHL,KOR,0
PHL,LAO,0
PHL,LTU,0
PHL,LUX,0
PHL,LVA,0
PHL,MAR,0
PHL,MEX,0
PHL,MLT,0
PHL,MMR,0
PHL,MYS,0
PHL,NGA,0
PHL,NLD,0
PHL,NOR,0
PHL,NZL,0
PHL,PAK,0
PHL,PER,0
PHL,POL,0
PHL,PRT,0
PHL,RUS,0
PHL,SAU,0
PHL,SEN,0
PHL,SGP,0
PHL,SVK,0
PHL,SVN,0
PHL,SWE,0
PHL,THA,0
PHL,TUN,0
PHL,TUR,0
PHL,UKR,0
PHL,USA,1
PHL,VNM,0
PHL,ZAF,0
POL,ARG,0
POL,AUS,0
POL,AUT,0
POL,BEL,0
POL,BGD,0
POL,BGR,0
POL,BLR,0
POL,BRA,0
POL,BRN,0
POL,CAN,0
POL,CHE,0
POL,CHL,0
POL,CHN,0
POL,CIV,0
POL,CMR,0
POL,COL,0
POL,CRI,0
POL,CYP,0
POL,CZE,0
POL,DEU,1
POL,DNK,0
POL,EGY,0
POL,ESP,0
POL,EST,0
POL,FIN,0
POL,FRA,0
POL,GBR,0
POL,GRC,0
POL,HKG,0
POL,HRV,0
POL,HUN,0
POL,IDN,0
POL,IND,0
POL,IRL,0
POL,ISL,0
POL,ISR,0
POL,ITA,0
POL,JOR,0
POL,JPN,0
POL,KAZ,0
POL,KHM,0
POL,KOR,0
POL,LAO,0
POL,LTU,0
POL,LUX,0
POL,LVA,0
POL,MAR,0
POL,MEX,0
POL,MLT,0
POL,MMR,0
POL,MYS,0
POL,NGA,0
POL,NLD,0
POL,NOR,0
POL,NZL,0
POL,PAK,0
POL,PER,0
POL,PHL,0
POL,PRT,0
POL,RUS,0
POL,SAU,0
POL,SEN,0
POL,SGP,0
POL,SVK,0
POL,SVN,0
POL,SWE,0
POL,THA,0
POL,TUN,0
POL,TUR,0
POL,UKR,0
POL,USA,0
POL,VNM,0
POL,ZAF,0
PRT,ARG,0
PRT,AUS,0
PRT,AUT,0
PRT,BEL,0
PRT,BGD,0
PRT,BGR,0
PRT,BLR,0
PRT,BRA,1
PRT,BRN,0
PRT,CAN,0
PRT,CHE,0
PRT,CHL,0
PRT,CHN,0
PRT,CIV,0
PRT,CMR,0
PRT,COL,0
PRT,CRI,0
PRT,CYP,0
PRT,CZE,0
PRT,DEU,0
PRT,DNK,0
PRT,EGY,0
PRT,ESP,0
PRT,EST,0
PRT,FIN,0
PRT,FRA,0
PRT,GBR,0
PRT,GRC,0
PRT,HKG,0
PRT,HRV,0
PRT,HUN,0
PRT,IDN,0
PRT,IND,0
PRT,IRL,0
PRT,ISL,0
PRT,ISR,0
PRT,ITA,0
PRT,JOR,0
PRT,JPN,0
PRT,KAZ,0
PRT,KHM,0
PRT,KOR,0
PRT,LAO,0
PRT,LTU,0
PRT,LUX,0
PRT,LVA,0
PRT,MAR,0
PRT,MEX,0
PRT,MLT,0
PRT,MMR,0
PRT,MYS,0
PRT,NGA,0
PRT,NLD,0
PRT,NOR,0
PRT,NZL,0
PRT,PAK,0
PRT,PER,0
PRT,PHL,0
PRT,POL,0
PRT,RUS,0
PRT,SAU,0
PRT,SEN,0
PRT,SGP,0
PRT,SVK,0
PRT,SVN,0
PRT,SWE,0
PRT,THA,0
PRT,TUN,0
PRT,TUR,0
PRT,UKR,0
PRT,USA,0
PRT,VNM,0
PRT,ZAF,0
RUS,ARG,0
RUS,AUS,0
RUS,AUT,0
RUS,BEL,0
RUS,BGD,0
RUS,BGR,0
RUS,BLR,1
RUS,BRA,0
RUS,BRN,0
RUS,CAN,0
RUS,CHE,0
RUS,CHL,0
RUS,CHN,0
RUS,CIV,0
RUS,CMR,0
RUS,COL,0
RUS,CRI,0
RUS,CYP,0
RUS,CZE,0
RUS,DEU,0
RUS,DNK,0
RUS,EGY,0
RUS,ESP,0
RUS,EST,1
RUS,FIN,1
RUS,FRA,0
RUS,GBR,0
RUS,GRC,0
RUS,HKG,0
RUS,HRV,0
RUS,HUN,0
RUS,IDN,0
RUS,IND,0
RUS,IRL,0
RUS,ISL,0
RUS,ISR,0
RUS,ITA,0
RUS,JOR,0
RUS,JPN,0
RUS,KAZ,1
RUS,KHM,0
RUS,KOR,0
RUS,LAO,0
RUS,LTU,1
RUS,LUX,0
RUS,LVA,1
RUS,MAR,0
RUS,MEX,0
RUS,MLT,0
RUS,MMR,0
RUS,MYS,0
RUS,NGA,0
RUS,NLD,0
RUS,NOR,0
RUS,NZL,0
RUS,PAK,0
RUS,PER,0
RUS,PHL,0
RUS,POL,0
RUS,PRT,0
RUS,SAU,0
RUS,SEN,0
RUS,SGP,0
RUS,SVK,0
RUS,SVN,0
RUS,SWE,0
RUS,THA,0
RUS,TUN,0
RUS,TUR,0
RUS,UKR,1
RUS,USA,0
RUS,VNM,0
RUS,ZAF,0
SAU,ARG,0
SAU,AUS,0
SAU,AUT,0
SAU,BEL,0
SAU,BGD,0
SAU,BGR,0
SAU,BLR,0
SAU,BRA,0
SAU,BRN,0
SAU,CAN,0
SAU,CHE,0
SAU,CHL,0
SAU,CHN,0
SAU,CIV,0
SAU,CMR,0
SAU,COL,0
SAU,CRI,0
SAU,CYP,0
SAU,CZE,0
SAU,DEU,0
SAU,DNK,0
SAU,EGY,0
SAU,ESP,0
SAU,EST,0
SAU,FIN,0
SAU,FRA,0
SAU,GBR,0
SAU,GRC,0
SAU,HKG,0
SAU,HRV,0
SAU,HUN,0
SAU,IDN,0
SAU,IND,0
SAU,IRL,0
SAU,ISL,0
SAU,ISR,0
SAU,ITA,0
SAU,JOR,0
SAU,JPN,0
SAU,KAZ,0
SAU,KHM,0
SAU,KOR,0
SAU,LAO,0
SAU,LTU,0
SAU,LUX,0
SAU,LVA,0
SAU,MAR,0
SAU,MEX,0
SAU,MLT,0
SAU,MMR,0
SAU,MYS,0
SAU,NGA,0
SAU,NLD,0
SAU,NOR,0
SAU,NZL,0
SAU,PAK,0
SAU,PER,0
SAU,PHL,0
SAU,POL,0
SAU,PRT,0
SAU,RUS,0
SAU,SEN,0
SAU,SGP,0
SAU,SVK,0
SAU,SVN,0
SAU,SWE,0
SAU,THA,0
SAU,TUN,0
SAU,TUR,0
SAU,UKR,0
SAU,USA,0
SAU,VNM,0
SAU,ZAF,0
SEN,ARG,0
SEN,AUS,0
SEN,AUT,0
SEN,BEL,0
SEN,BGD,0
SEN,BGR,0
SEN,BLR,0
SEN,BRA,0
SEN,BRN,0
SEN,CAN,0
SEN,CHE,0
SEN,CHL,0
SEN,CHN,0
SEN,CIV,0
SEN,CMR,0
SEN,COL,0
SEN,CRI,0
SEN,CYP,0
SEN,CZE,0
SEN,DEU,0
SEN,DNK,0
SEN,EGY,0
SEN,ESP,0
SEN,EST,0
SEN,FIN,0
SEN,FRA,1
SEN,GBR,0
SEN,GRC,0
SEN,HKG,0
SEN,HRV,0
SEN,HUN,0
SEN,IDN,0
SEN,IND,0
SEN,IRL,0
SEN,ISL,0
SEN,ISR,0
SEN,ITA,0
SEN,JOR,0
SEN,JPN,0
SEN,KAZ,0
SEN,KHM,0
SEN,KOR,0
SEN,LAO,0
SEN,LTU,0
SEN,LUX,0
SEN,LVA,0
SEN,MAR,0
SEN,MEX,0
SEN,MLT,0
SEN,MMR,0
SEN,MYS,0
SEN,NGA,0
SEN,NLD,0
SEN,NOR,0
SEN,NZL,0
SEN,PAK,0
SEN,PER,0
SEN,PHL,0
SEN,POL,0
SEN,PRT,0
SEN,RUS,0
SEN,SAU,0
SEN,SGP,0
SEN,SVK,0
SEN,SVN,0
SEN,SWE,0
SEN,THA,0
SEN,TUN,0
SEN,TUR,0
SEN,UKR,0
SEN,USA,0
SEN,VNM,0
SEN,ZAF,0
SGP,ARG,0
SGP,AUS,0
SGP,AUT,0
SGP,BEL,0
SGP,BGD,0
SGP,BGR,0
SGP,BLR,0
SGP,BRA,0
SGP,BRN,0
SGP,CAN,0
SGP,CHE,0
SGP,CHL,0
SGP,CHN,0
SGP,CIV,0
SGP,CMR,0
SGP,COL,0
SGP,CRI,0
SGP,CYP,0
SGP,CZE,0
SGP,DEU,0
SGP,DNK,0
SGP,EGY,0
SGP,ESP,0
SGP,EST,0
SGP,FIN,0
SGP,FRA,0
SGP,GBR,1
SGP,GRC,0
SGP,HKG,0
SGP,HRV,0
SGP,HUN,0
SGP,IDN,0
SGP,IND,0
SGP,IRL,0
SGP,ISL,0
SGP,ISR,0
SGP,ITA,0
SGP,JOR,0
SGP,JPN,0
SGP,KAZ,0
SGP,KHM,0
SGP,KOR,0
SGP,LAO,0
SGP,LTU,0
SGP,LUX,0
SGP,LVA,0
SGP,MAR,0
SGP,MEX,0
SGP,MLT,0
SGP,MMR,0
SGP,MYS,0
SGP,NGA,0
SGP,NLD,0
SGP,NOR,0
SGP,NZL,0
SGP,PAK,0
SGP,PER,0
SGP,PHL,0
SGP,POL,0
SGP,PRT,0
SGP,RUS,0
SGP,SAU,0
SGP,SEN,0
SGP,SVK,0
SGP,SVN,0
SGP,SWE,0
SGP,THA,0
SGP,TUN,0
SGP,TUR,0
SGP,UKR,0
SGP,USA,0
SGP,VNM,0
SGP,ZAF,0
SVK,ARG,0
SVK,AUS,0
SVK,AUT,0
SVK,BEL,0
SVK,BGD,0
SVK,BGR,0
SVK,BLR,0
SVK,BRA,0
SVK,BRN,0
SVK,CAN,0
SVK,CHE,0
SVK,CHL,0
SVK,CHN,0
SVK,CIV,0
SVK,CMR,0
SVK,COL,0
SVK,CRI,0
SVK,CYP,0
SVK,CZE,0
SVK,DEU,0
SVK,DNK,0
SVK,EGY,0
SVK,ESP,0
SVK,EST,0
SVK,FIN,0
SVK,FRA,0
SVK,GBR,0
SVK,GRC,0
SVK,HKG,0
SVK,HRV,0
SVK,HUN,1
SVK,IDN,0
SVK,IND,0
SVK,IRL,0
SVK,ISL,0
SVK,ISR,0
SVK,ITA,0
SVK,JOR,0
SVK,JPN,0
SVK,KAZ,0
SVK,KHM,0
SVK,KOR,0
SVK,LAO,0
SVK,LTU,0
SVK,LUX,0
SVK,LVA,0
SVK,MAR,0
SVK,MEX,0
SVK,MLT,0
SVK,MMR,0
SVK,MYS,0
SVK,NGA,0
SVK,NLD,0
SVK,NOR,0
SVK,NZL,0
SVK,PAK,0
SVK,PER,0
SVK,PHL,0
SVK,POL,0
SVK,PRT,0
SVK,RUS,0
SVK,SAU,0
SVK,SEN,0
SVK,SGP,0
SVK,SVN,0
SVK,SWE,0
SVK,THA,0
SVK,TUN,0
SVK,TUR,0
SVK,UKR,0
SVK,USA,0
SVK,VNM,0
SVK,ZAF,0
SVN,ARG,0
SVN,AUS,0
SVN,AUT,1
SVN,BEL,0
SVN,BGD,0
SVN,BGR,0
SVN,BLR,0
SVN,BRA,0
SVN,BRN,0
SVN,CAN,0
SVN,CHE,0
SVN,CHL,0
SVN,CHN,0
SVN,CIV,0
SVN,CMR,0
SVN,COL,0
SVN,CRI,0
SVN,CYP,0
SVN,CZE,0
SVN,DEU,0
SVN,DNK,0
SVN,EGY,0
SVN,ESP,0
SVN,EST,0
SVN,FIN,0
SVN,FRA,0
SVN,GBR,0
SVN,GRC,0
SVN,HKG,0
SVN,HRV,0
SVN,HUN,0
SVN,IDN,0
SVN,IND,0
SVN,IRL,0
SVN,ISL,0
SVN,ISR,0
SVN,ITA,0
SVN,JOR,0
SVN,JPN,0
SVN,KAZ,0
SVN,KHM,0
SVN,KOR,0
SVN,LAO,0
SVN,LTU,0
SVN,LUX,0
SVN,LVA,0
SVN,MAR,0
SVN,MEX,0
SVN,MLT,0
SVN,MMR,0
SVN,MYS,0
SVN,NGA,0
SVN,NLD,0
SVN,NOR,0
SVN,NZL,0
SVN,PAK,0
SVN,PER,0
SVN,PHL,0
SVN,POL,0
SVN,PRT,0
SVN,RUS,0
SVN,SAU,0
SVN,SEN,0
SVN,SGP,0
SVN,SVK,0
SVN,SWE,0
SVN,THA,0
SVN,TUN,0
SVN,TUR,0
SVN,UKR,0
SVN,USA,0
SVN,VNM,0
SVN,ZAF,0
SWE,ARG,0
SWE,AUS,0
SWE,AUT,0
SWE,BEL,0
SWE,BGD,0
SWE,BGR,0
SWE,BLR,0
SWE,BRA,0
SWE,BRN,0
SWE,CAN,0
SWE,CHE,0
SWE,CHL,0
SWE,CHN,0
SWE,CIV,0
SWE,CMR,0
SWE,COL,0
SWE,CRI,0
SWE,CYP,0
SWE,CZE,0
SWE,DEU,0
SWE,DNK,0
SWE,EGY,0
SWE,ESP,0
SWE,EST,1
SWE,FIN,1
SWE,FRA,0
SWE,GBR,0
SWE,GRC,0
SWE,HKG,0
SWE,HRV,0
SWE,HUN,0
SWE,IDN,0
SWE,IND,0
SWE,IRL,0
SWE,ISL,0
SWE,ISR,0
SWE,ITA,0
SWE,JOR,0
SWE,JPN,0
SWE,KAZ,0
SWE,KHM,0
SWE,KOR,0
SWE,LAO,0
SWE,LTU,0
SWE,LUX,0
SWE,LVA,0
SWE,MAR,0
SWE,MEX,0
SWE,MLT,0
SWE,MMR,0
SWE,MYS,0
SWE,NGA,0
SWE,NLD,0
SWE,NOR,0
SWE,NZL,0
SWE,PAK,0
SWE,PER,0
SWE,PHL,0
SWE,POL,0
SWE,PRT,0
SWE,RUS,0
SWE,SAU,0
SWE,SEN,0
SWE,SGP,0
SWE,SVK,0
SWE,SVN,0
SWE,THA,0
SWE,TUN,0
SWE,TUR,0
SWE,UKR,0
SWE,USA,0
SWE,VNM,0
SWE,ZAF,0
THA,ARG,0
THA,AUS,0
THA,AUT,0
THA,BEL,0
THA,BGD,0
THA,BGR,0
THA,BLR,0
THA,BRA,0
THA,BRN,0
THA,CAN,0
THA,CHE,0
THA,CHL,0
THA,CHN,0
THA,CIV,0
THA,CMR,0
THA,COL,0
THA,CRI,0
THA,CYP,0
THA,CZE,0
THA,DEU,0
THA,DNK,0
THA,EGY,0
THA,ESP,0
THA,EST,0
THA,FIN,0
THA,FRA,0
THA,GBR,0
THA,GRC,0
THA,HKG,0
THA,HRV,0
THA,HUN,0
THA,IDN,0
THA,IND,0
THA,IRL,0
THA,ISL,0
THA,ISR,0
THA,ITA,0
THA,JOR,0
THA,JPN,0
THA,KAZ,0
THA,KHM,0
THA,KOR,0
THA,LAO,0
THA,LTU,0
THA,LUX,0
THA,LVA,0
THA,MAR,0
THA,MEX,0
THA,MLT,0
THA,MMR,0
THA,MYS,0
THA,NGA,0
THA,NLD,0
THA,NOR,0
THA,NZL,0
THA,PAK,0
THA,PER,0
THA,PHL,0
THA,POL,0
THA,PRT,0
THA,RUS,0
THA,SAU,0
THA,SEN,0
THA,SGP,0
THA,SVK,0
THA,SVN,0
THA,SWE,0
THA,TUN,0
THA,TUR,0
THA,UKR,0
THA,USA,0
THA,VNM,0
THA,ZAF,0
TUN,ARG,0
TUN,AUS,0
TUN,AUT,0
TUN,BEL,0
TUN,BGD,0
TUN,BGR,0
TUN,BLR,0
TUN,BRA,0
TUN,BRN,0
TUN,CAN,0
TUN,CHE,0
TUN,CHL,0
TUN,CHN,0
TUN,CIV,0
TUN,CMR,0
TUN,COL,0
TUN,CRI,0
TUN,CYP,0
TUN,CZE,0
TUN,DEU,0
TUN,DNK,0
TUN,EGY,0
TUN,ESP,0
TUN,EST,0
TUN,FIN,0
TUN,FRA,1
TUN,GBR,0
TUN,GRC,0
TUN,HKG,0
TUN,HRV,0
TUN,HUN,0
TUN,IDN,0
TUN,IND,0
TUN,IRL,0
TUN,ISL,0
TUN,ISR,0
TUN,ITA,0
TUN,JOR,0
TUN,JPN,0
TUN,KAZ,0
TUN,KHM,0
TUN,KOR,0
TUN,LAO,0
TUN,LTU,0
TUN,LUX,0
TUN,LVA,0
TUN,MAR,0
TUN,MEX,0
TUN,MLT,0
TUN,MMR,0
TUN,MYS,0
TUN,NGA,0
TUN,NLD,0
TUN,NOR,0
TUN,NZL,0
TUN,PAK,0
TUN,PER,0
TUN,PHL,0
TUN,POL,0
TUN,PRT,0
TUN,RUS,0
TUN,SAU,0
TUN,SEN,0
TUN,SGP,0
TUN,SVK,0
TUN,SVN,0
TUN,SWE,0
TUN,THA,0
TUN,TUR,1
TUN,UKR,0
TUN,USA,0
TUN,VNM,0
TUN,ZAF,0
TUR,ARG,0
TUR,AUS,0
TUR,AUT,0
TUR,BEL,0
TUR,BGD,0
TUR,BGR,1
TUR,BLR,0
TUR,BRA,0
TUR,BRN,0
TUR,CAN,0
TUR,CHE,0
TUR,CHL,0
TUR,CHN,0
TUR,CIV,0
TUR,CMR,0
TUR,COL,0
TUR,CRI,0
TUR,CYP,1
TUR,CZE,0
TUR,DEU,0
TUR,DNK,0
TUR,EGY,1
TUR,ESP,0
TUR,EST,0
TUR,FIN,0
TUR,FRA,0
TUR,GBR,0
TUR,GRC,1
TUR,HKG,0
TUR,HRV,0
TUR,HUN,0
TUR,IDN,0
TUR,IND,0
TUR,IRL,0
TUR,ISL,0
TUR,ISR,0
TUR,ITA,0
TUR,JOR,0
TUR,JPN,0
TUR,KAZ,0
TUR,KHM,0
TUR,KOR,0
TUR,LAO,0
TUR,LTU,0
TUR,LUX,0
TUR,LVA,0
TUR,MAR,0
TUR,MEX,0
TUR,MLT,0
TUR,MMR,0
TUR,MYS,0
TUR,NGA,0
TUR,NLD,0
TUR,NOR,0
TUR,NZL,0
TUR,PAK,0
TUR,PER,0
TUR,PHL,0
TUR,POL,0
TUR,PRT,0
TUR,RUS,0
TUR,SAU,0
TUR,SEN,0
TUR,SGP,0
TUR,SVK,0
TUR,SVN,0
TUR,SWE,0
TUR,THA,0
TUR,TUN,1
TUR,UKR,0
TUR,USA,0
TUR,VNM,0
TUR,ZAF,0
UKR,ARG,0
UKR,AUS,0
UKR,AUT,0
UKR,BEL,0
UKR,BGD,0
UKR,BGR,0
UKR,BLR,0
UKR,BRA,0
UKR,BRN,0
UKR,CAN,0
UKR,CHE,0
UKR,CHL,0
UKR,CHN,0
UKR,CIV,0
UKR,CMR,0
UKR,COL,0
UKR,CRI,0
UKR,CYP,0
UKR,CZE,0
UKR,DEU,0
UKR,DNK,0
UKR,EGY,0
UKR,ESP,0
UKR,EST,0
UKR,FIN,0
UKR,FRA,0
UKR,GBR,0
UKR,GRC,0
UKR,HKG,0
UKR,HRV,0
UKR,HUN,0
UKR,IDN,0
UKR,IND,0
UKR,IRL,0
UKR,ISL,0
UKR,ISR,0
UKR,ITA,0
UKR,JOR,0
UKR,JPN,0
UKR,KAZ,0
UKR,KHM,0
UKR,KOR,0
UKR,LAO,0
UKR,LTU,0
UKR,LUX,0
UKR,LVA,0
UKR,MAR,0
UKR,MEX,0
UKR,MLT,0
UKR,MMR,0
UKR,MYS,0
UKR,NGA,0
UKR,NLD,0
UKR,NOR,0
UKR,NZL,0
UKR,PAK,0
UKR,PER,0
UKR,PHL,0
UKR,POL,0
UKR,PRT,0
UKR,RUS,1
UKR,SAU,0
UKR,SEN,0
UKR,SGP,0
UKR,SVK,0
UKR,SVN,0
UKR,SWE,0
UKR,THA,0
UKR,TUN,0
UKR,TUR,0
UKR,USA,0
UKR,VNM,0
UKR,ZAF,0
USA,ARG,0
USA,AUS,0
USA,AUT,0
USA,BEL,0
USA,BGD,0
USA,BGR,0
USA,BLR,0
USA,BRA,0
USA,BRN,0
USA,CAN,0
USA,CHE,0
USA,CHL,0
USA,CHN,0
USA,CIV,0
USA,CMR,0
USA,COL,0
USA,CRI,0
USA,CYP,0
USA,CZE,0
USA,DEU,0
USA,DNK,0
USA,EGY,0
USA,ESP,1
USA,EST,0
USA,FIN,0
USA,FRA,1
USA,GBR,1
USA,GRC,0
USA,HKG,0
USA,HRV,0
USA,HUN,0
USA,IDN,0
USA,IND,0
USA,IRL,0
USA,ISL,0
USA,ISR,0
USA,ITA,0
USA,JOR,0
USA,JPN,0
USA,KAZ,0
USA,KHM,0
USA,KOR,0
USA,LAO,0
USA,LTU,0
USA,LUX,0
USA,LVA,0
USA,MAR,0
USA,MEX,0
USA,MLT,0
USA,MMR,0
USA,MYS,0
USA,NGA,0
USA,NLD,0
USA,NOR,0
USA,NZL,0
USA,PAK,0
USA,PER,0
USA,PHL,1
USA,POL,0
USA,PRT,0
USA,RUS,0
USA,SAU,0
USA,SEN,0
USA,SGP,0
USA,SVK,0
USA,SVN,0
USA,SWE,0
USA,THA,0
USA,TUN,0
USA,TUR,0
USA,UKR,0
USA,VNM,0
USA,ZAF,0
VNM,ARG,0
VNM,AUS,0
VNM,AUT,0
VNM,BEL,0
VNM,BGD,0
VNM,BGR,0
VNM,BLR,0
VNM,BRA,0
VNM,BRN,0
VNM,CAN,0
VNM,CHE,0
VNM,CHL,0
VNM,CHN,0
VNM,CIV,0
VNM,CMR,0
VNM,COL,0
VNM,CRI,0
VNM,CYP,0
VNM,CZE,0
VNM,DEU,0
VNM,DNK,0
VNM,EGY,0
VNM,ESP,0
VNM,EST,0
VNM,FIN,0
VNM,FRA,1
VNM,GBR,0
VNM,GRC,0
VNM,HKG,0
VNM,HRV,0
VNM,HUN,0
VNM,IDN,0
VNM,IND,0
VNM,IRL,0
VNM,ISL,0
VNM,ISR,0
VNM,ITA,0
VNM,JOR,0
VNM,JPN,0
VNM,KAZ,0
VNM,KHM,0
VNM,KOR,0
VNM,LAO,0
VNM,LTU,0
VNM,LUX,0
VNM,LVA,0
VNM,MAR,0
VNM,MEX,0
VNM,MLT,0
VNM,MMR,0
VNM,MYS,0
VNM,NGA,0
VNM,NLD,0
VNM,NOR,0
VNM,NZL,0
VNM,PAK,0
VNM,PER,0
VNM,PHL,0
VNM,POL,0
VNM,PRT,0
VNM,RUS,0
VNM,SAU,0
VNM,SEN,0
VNM,SGP,0
VNM,SVK,0
VNM,SVN,0
VNM,SWE,0
VNM,THA,0
VNM,TUN,0
VNM,TUR,0
VNM,UKR,0
VNM,USA,0
VNM,ZAF,0
ZAF,ARG,0
ZAF,AUS,0
ZAF,AUT,0
ZAF,BEL,0
ZAF,BGD,0
ZAF,BGR,0
ZAF,BLR,0
ZAF,BRA,0
ZAF,BRN,0
ZAF,CAN,0
ZAF,CHE,0
ZAF,CHL,0
ZAF,CHN,0
ZAF,CIV,0
ZAF,CMR,0
ZAF,COL,0
ZAF,CRI,0
ZAF,CYP,0
ZAF,CZE,0
ZAF,DEU,0
ZAF,DNK,0
ZAF,EGY,0
ZAF,ESP,0
ZAF,EST,0
ZAF,FIN,0
ZAF,FRA,0
ZAF,GBR,1
ZAF,GRC,0
ZAF,HKG,0
ZAF,HRV,0
ZAF,HUN,0
ZAF,IDN,0
ZAF,IND,0
ZAF,IRL,0
ZAF,ISL,0
ZAF,ISR,0
ZAF,ITA,0
ZAF,JOR,0
ZAF,JPN,0
ZAF,KAZ,0
ZAF,KHM,0
ZAF,KOR,0
ZAF,LAO,0
ZAF,LTU,0
ZAF,LUX,0
ZAF,LVA,0
ZAF,MAR,0
ZAF,MEX,0
ZAF,MLT,0
ZAF,MMR,0
ZAF,MYS,0
ZAF,NGA,0
ZAF,NLD,1
ZAF,NOR,0
ZAF,NZL,0
ZAF,PAK,0
ZAF,PER,0
ZAF,PHL,0
ZAF,POL,0
ZAF,PRT,0
ZAF,RUS,0
ZAF,SAU,0
ZAF,SEN,0
ZAF,SGP,0
ZAF,SVK,0
ZAF,SVN,0
ZAF,SWE,0
ZAF,THA,0
ZAF,TUN,0
ZAF,TUR,0
ZAF,UKR,0
ZAF,USA,0
ZAF,VNM,0
