iso_o,country,TIME_PERIOD,LTE
ARG,Argentina,2000,0.0
ARG,Argentina,2001,0.0
ARG,Argentina,2002,0.0
ARG,Argentina,2003,0.0
ARG,Argentina,2004,0.0
ARG,Argentina,2005,0.0
ARG,Argentina,2006,0.0
ARG,Argentina,2007,0.0
ARG,Argentina,2008,0.0
ARG,Argentina,2009,0.0
ARG,Argentina,2010,0.0
ARG,Argentina,2011,0.0
ARG,Argentina,2012,0.0
ARG,Argentina,2013,0.0
ARG,Argentina,2014,1.0
ARG,Argentina,2015,1.0
ARG,Argentina,2016,1.0
ARG,Argentina,2017,1.0
ARG,Argentina,2018,1.0
ARG,Argentina,2019,1.0
ARG,Argentina,2020,1.0
AUS,Australia,2000,0.0
AUS,Australia,2001,0.0
AUS,Australia,2002,0.0
AUS,Australia,2003,0.0
AUS,Australia,2004,0.0
AUS,Australia,2005,0.0
AUS,Australia,2006,0.0
AUS,Australia,2007,0.0
AUS,Australia,2008,0.0
AUS,Australia,2009,0.0
AUS,Australia,2010,0.0
AUS,Australia,2011,1.0
AUS,Australia,2012,1.0
AUS,Australia,2013,1.0
AUS,Australia,2014,1.0
AUS,Australia,2015,1.0
AUS,Australia,2016,1.0
AUS,Australia,2017,1.0
AUS,Australia,2018,1.0
AUS,Australia,2019,1.0
AUS,Australia,2020,1.0
AUT,Austria,2000,0.0
AUT,Austria,2001,0.0
AUT,Austria,2002,0.0
AUT,Austria,2003,0.0
AUT,Austria,2004,0.0
AUT,Austria,2005,0.0
AUT,Austria,2006,0.0
AUT,Austria,2007,0.0
AUT,Austria,2008,0.0
AUT,Austria,2009,0.0
AUT,Austria,2010,1.0
AUT,Austria,2011,1.0
AUT,Austria,2012,1.0
AUT,Austria,2013,1.0
AUT,Austria,2014,1.0
AUT,Austria,2015,1.0
AUT,Austria,2016,1.0
AUT,Austria,2017,1.0
AUT,Austria,2018,1.0
AUT,Austria,2019,1.0
AUT,Austria,2020,1.0
BGD,Bangladesh,2000,0.0
BGD,Bangladesh,2001,0.0
BGD,Bangladesh,2002,0.0
BGD,Bangladesh,2003,0.0
BGD,Bangladesh,2004,0.0
BGD,Bangladesh,2005,0.0
BGD,Bangladesh,2006,0.0
BGD,Bangladesh,2007,0.0
BGD,Bangladesh,2008,0.0
BGD,Bangladesh,2009,0.0
BGD,Bangladesh,2010,0.0
BGD,Bangladesh,2011,0.0
BGD,Bangladesh,2012,0.0
BGD,Bangladesh,2013,1.0
BGD,Bangladesh,2014,1.0
BGD,Bangladesh,2015,1.0
BGD,Bangladesh,2016,1.0
BGD,Bangladesh,2017,1.0
BGD,Bangladesh,2018,1.0
BGD,Bangladesh,2019,1.0
BGD,Bangladesh,2020,1.0
BLR,Belarus,2000,0.0
BLR,Belarus,2001,0.0
BLR,Belarus,2002,0.0
BLR,Belarus,2003,0.0
BLR,Belarus,2004,0.0
BLR,Belarus,2005,0.0
BLR,Belarus,2006,0.0
BLR,Belarus,2007,0.0
BLR,Belarus,2008,0.0
BLR,Belarus,2009,0.0
BLR,Belarus,2010,0.0
BLR,Belarus,2011,1.0
BLR,Belarus,2012,1.0
BLR,Belarus,2013,1.0
BLR,Belarus,2014,1.0
BLR,Belarus,2015,1.0
BLR,Belarus,2016,1.0
BLR,Belarus,2017,1.0
BLR,Belarus,2018,1.0
BLR,Belarus,2019,1.0
BLR,Belarus,2020,1.0
BEL,Belgium,2000,0.0
BEL,Belgium,2001,0.0
BEL,Belgium,2002,0.0
BEL,Belgium,2003,0.0
BEL,Belgium,2004,0.0
BEL,Belgium,2005,0.0
BEL,Belgium,2006,0.0
BEL,Belgium,2007,0.0
BEL,Belgium,2008,0.0
BEL,Belgium,2009,0.0
BEL,Belgium,2010,0.0
BEL,Belgium,2011,0.0
BEL,Belgium,2012,1.0
BEL,Belgium,2013,1.0
BEL,Belgium,2014,1.0
BEL,Belgium,2015,1.0
BEL,Belgium,2016,1.0
BEL,Belgium,2017,1.0
BEL,Belgium,2018,1.0
BEL,Belgium,2019,1.0
BEL,Belgium,2020,1.0
BRA,Brazil,2000,0.0
BRA,Brazil,2001,0.0
BRA,Brazil,2002,0.0
BRA,Brazil,2003,0.0
BRA,Brazil,2004,0.0
BRA,Brazil,2005,0.0
BRA,Brazil,2006,0.0
BRA,Brazil,2007,0.0
BRA,Brazil,2008,0.0
BRA,Brazil,2009,0.0
BRA,Brazil,2010,0.0
BRA,Brazil,2011,1.0
BRA,Brazil,2012,1.0
BRA,Brazil,2013,1.0
BRA,Brazil,2014,1.0
BRA,Brazil,2015,1.0
BRA,Brazil,2016,1.0
BRA,Brazil,2017,1.0
BRA,Brazil,2018,1.0
BRA,Brazil,2019,1.0
BRA,Brazil,2020,1.0
BRN,Brunei Darussalam,2000,0.0
BRN,Brunei Darussalam,2001,0.0
BRN,Brunei Darussalam,2002,0.0
BRN,Brunei Darussalam,2003,0.0
BRN,Brunei Darussalam,2004,0.0
BRN,Brunei Darussalam,2005,0.0
BRN,Brunei Darussalam,2006,0.0
BRN,Brunei Darussalam,2007,0.0
BRN,Brunei Darussalam,2008,0.0
BRN,Brunei Darussalam,2009,0.0
BRN,Brunei Darussalam,2010,0.0
BRN,Brunei Darussalam,2011,0.0
BRN,Brunei Darussalam,2012,0.0
BRN,Brunei Darussalam,2013,1.0
BRN,Brunei Darussalam,2014,1.0
BRN,Brunei Darussalam,2015,1.0
BRN,Brunei Darussalam,2016,1.0
BRN,Brunei Darussalam,2017,1.0
BRN,Brunei Darussalam,2018,1.0
BRN,Brunei Darussalam,2019,1.0
BRN,Brunei Darussalam,2020,1.0
BGR,Bulgaria,2000,0.0
BGR,Bulgaria,2001,0.0
BGR,Bulgaria,2002,0.0
BGR,Bulgaria,2003,0.0
BGR,Bulgaria,2004,0.0
BGR,Bulgaria,2005,0.0
BGR,Bulgaria,2006,0.0
BGR,Bulgaria,2007,0.0
BGR,Bulgaria,2008,0.0
BGR,Bulgaria,2009,0.0
BGR,Bulgaria,2010,0.0
BGR,Bulgaria,2011,0.0
BGR,Bulgaria,2012,0.0
BGR,Bulgaria,2013,0.0
BGR,Bulgaria,2014,1.0
BGR,Bulgaria,2015,1.0
BGR,Bulgaria,2016,1.0
BGR,Bulgaria,2017,1.0
BGR,Bulgaria,2018,1.0
BGR,Bulgaria,2019,1.0
BGR,Bulgaria,2020,1.0
KHM,Cambodia,2000,0.0
KHM,Cambodia,2001,0.0
KHM,Cambodia,2002,0.0
KHM,Cambodia,2003,0.0
KHM,Cambodia,2004,0.0
KHM,Cambodia,2005,0.0
KHM,Cambodia,2006,0.0
KHM,Cambodia,2007,0.0
KHM,Cambodia,2008,0.0
KHM,Cambodia,2009,0.0
KHM,Cambodia,2010,0.0
KHM,Cambodia,2011,0.0
KHM,Cambodia,2012,0.0
KHM,Cambodia,2013,0.0
KHM,Cambodia,2014,0.0
KHM,Cambodia,2015,1.0
KHM,Cambodia,2016,1.0
KHM,Cambodia,2017,1.0
KHM,Cambodia,2018,1.0
KHM,Cambodia,2019,1.0
KHM,Cambodia,2020,1.0
CMR,Cameroon,2000,0.0
CMR,Cameroon,2001,0.0
CMR,Cameroon,2002,0.0
CMR,Cameroon,2003,0.0
CMR,Cameroon,2004,0.0
CMR,Cameroon,2005,0.0
CMR,Cameroon,2006,0.0
CMR,Cameroon,2007,0.0
CMR,Cameroon,2008,0.0
CMR,Cameroon,2009,0.0
CMR,Cameroon,2010,0.0
CMR,Cameroon,2011,0.0
CMR,Cameroon,2012,0.0
CMR,Cameroon,2013,0.0
CMR,Cameroon,2014,0.0
CMR,Cameroon,2015,0.0
CMR,Cameroon,2016,1.0
CMR,Cameroon,2017,1.0
CMR,Cameroon,2018,1.0
CMR,Cameroon,2019,1.0
CMR,Cameroon,2020,1.0
CAN,Canada,2000,0.0
CAN,Canada,2001,0.0
CAN,Canada,2002,0.0
CAN,Canada,2003,0.0
CAN,Canada,2004,0.0
CAN,Canada,2005,0.0
CAN,Canada,2006,0.0
CAN,Canada,2007,0.0
CAN,Canada,2008,0.0
CAN,Canada,2009,0.0
CAN,Canada,2010,0.0
CAN,Canada,2011,1.0
CAN,Canada,2012,1.0
CAN,Canada,2013,1.0
CAN,Canada,2014,1.0
CAN,Canada,2015,1.0
CAN,Canada,2016,1.0
CAN,Canada,2017,1.0
CAN,Canada,2018,1.0
CAN,Canada,2019,1.0
CAN,Canada,2020,1.0
CHL,Chile,2000,0.0
CHL,Chile,2001,0.0
CHL,Chile,2002,0.0
CHL,Chile,2003,0.0
CHL,Chile,2004,0.0
CHL,Chile,2005,0.0
CHL,Chile,2006,0.0
CHL,Chile,2007,0.0
CHL,Chile,2008,0.0
CHL,Chile,2009,0.0
CHL,Chile,2010,0.0
CHL,Chile,2011,0.0
CHL,Chile,2012,0.0
CHL,Chile,2013,1.0
CHL,Chile,2014,1.0
CHL,Chile,2015,1.0
CHL,Chile,2016,1.0
CHL,Chile,2017,1.0
CHL,Chile,2018,1.0
CHL,Chile,2019,1.0
CHL,Chile,2020,1.0
CHN,China,2000,0.0
CHN,China,2001,0.0
CHN,China,2002,0.0
CHN,China,2003,0.0
CHN,China,2004,0.0
CHN,China,2005,0.0
CHN,China,2006,0.0
CHN,China,2007,0.0
CHN,China,2008,0.0
CHN,China,2009,0.0
CHN,China,2010,0.0
CHN,China,2011,0.0
CHN,China,2012,0.0
CHN,China,2013,1.0
CHN,China,2014,1.0
CHN,China,2015,1.0
CHN,China,2016,1.0
CHN,China,2017,1.0
CHN,China,2018,1.0
CHN,China,2019,1.0
CHN,China,2020,1.0
COL,Colombia,2000,0.0
COL,Colombia,2001,0.0
COL,Colombia,2002,0.0
COL,Colombia,2003,0.0
COL,Colombia,2004,0.0
COL,Colombia,2005,0.0
COL,Colombia,2006,0.0
COL,Colombia,2007,0.0
COL,Colombia,2008,0.0
COL,Colombia,2009,0.0
COL,Colombia,2010,0.0
COL,Colombia,2011,0.0
COL,Colombia,2012,1.0
COL,Colombia,2013,1.0
COL,Colombia,2014,1.0
COL,Colombia,2015,1.0
COL,Colombia,2016,1.0
COL,Colombia,2017,1.0
COL,Colombia,2018,1.0
COL,Colombia,2019,1.0
COL,Colombia,2020,1.0
CRI,Costa Rica,2000,0.0
CRI,Costa Rica,2001,0.0
CRI,Costa Rica,2002,0.0
CRI,Costa Rica,2003,0.0
CRI,Costa Rica,2004,0.0
CRI,Costa Rica,2005,0.0
CRI,Costa Rica,2006,0.0
CRI,Costa Rica,2007,0.0
CRI,Costa Rica,2008,0.0
CRI,Costa Rica,2009,0.0
CRI,Costa Rica,2010,0.0
CRI,Costa Rica,2011,0.0
CRI,Costa Rica,2012,0.0
CRI,Costa Rica,2013,1.0
CRI,Costa Rica,2014,1.0
CRI,Costa Rica,2015,1.0
CRI,Costa Rica,2016,1.0
CRI,Costa Rica,2017,1.0
CRI,Costa Rica,2018,1.0
CRI,Costa Rica,2019,1.0
CRI,Costa Rica,2020,1.0
CIV,Cote d'Ivoire,2000,0.0
CIV,Cote d'Ivoire,2001,0.0
CIV,Cote d'Ivoire,2002,0.0
CIV,Cote d'Ivoire,2003,0.0
CIV,Cote d'Ivoire,2004,0.0
CIV,Cote d'Ivoire,2005,0.0
CIV,Cote d'Ivoire,2006,0.0
CIV,Cote d'Ivoire,2007,0.0
CIV,Cote d'Ivoire,2008,0.0
CIV,Cote d'Ivoire,2009,0.0
CIV,Cote d'Ivoire,2010,0.0
CIV,Cote d'Ivoire,2011,0.0
CIV,Cote d'Ivoire,2012,0.0
CIV,Cote d'Ivoire,2013,0.0
CIV,Cote d'Ivoire,2014,0.0
CIV,Cote d'Ivoire,2015,0.0
CIV,Cote d'Ivoire,2016,0.0
CIV,Cote d'Ivoire,2017,0.0
CIV,Cote d'Ivoire,2018,0.0
CIV,Cote d'Ivoire,2019,0.0
CIV,Cote d'Ivoire,2020,0.0
HRV,Croatia,2000,0.0
HRV,Croatia,2001,0.0
HRV,Croatia,2002,0.0
HRV,Croatia,2003,0.0
HRV,Croatia,2004,0.0
HRV,Croatia,2005,0.0
HRV,Croatia,2006,0.0
HRV,Croatia,2007,0.0
HRV,Croatia,2008,0.0
HRV,Croatia,2009,0.0
HRV,Croatia,2010,0.0
HRV,Croatia,2011,0.0
HRV,Croatia,2012,1.0
HRV,Croatia,2013,1.0
HRV,Croatia,2014,1.0
HRV,Croatia,2015,1.0
HRV,Croatia,2016,1.0
HRV,Croatia,2017,1.0
HRV,Croatia,2018,1.0
HRV,Croatia,2019,1.0
HRV,Croatia,2020,1.0
CYP,Cyprus,2000,0.0
CYP,Cyprus,2001,0.0
CYP,Cyprus,2002,0.0
CYP,Cyprus,2003,0.0
CYP,Cyprus,2004,0.0
CYP,Cyprus,2005,0.0
CYP,Cyprus,2006,0.0
CYP,Cyprus,2007,0.0
CYP,Cyprus,2008,0.0
CYP,Cyprus,2009,0.0
CYP,Cyprus,2010,0.0
CYP,Cyprus,2011,0.0
CYP,Cyprus,2012,0.0
CYP,Cyprus,2013,0.0
CYP,Cyprus,2014,0.0
CYP,Cyprus,2015,1.0
CYP,Cyprus,2016,1.0
CYP,Cyprus,2017,1.0
CYP,Cyprus,2018,1.0
CYP,Cyprus,2019,1.0
CYP,Cyprus,2020,1.0
CZE,Czechia,2000,0.0
CZE,Czechia,2001,0.0
CZE,Czechia,2002,0.0
CZE,Czechia,2003,0.0
CZE,Czechia,2004,0.0
CZE,Czechia,2005,0.0
CZE,Czechia,2006,0.0
CZE,Czechia,2007,0.0
CZE,Czechia,2008,0.0
CZE,Czechia,2009,0.0
CZE,Czechia,2010,0.0
CZE,Czechia,2011,0.0
CZE,Czechia,2012,0.0
CZE,Czechia,2013,0.0
CZE,Czechia,2014,0.0
CZE,Czechia,2015,0.0
CZE,Czechia,2016,0.0
CZE,Czechia,2017,0.0
CZE,Czechia,2018,0.0
CZE,Czechia,2019,0.0
CZE,Czechia,2020,0.0
DNK,Denmark,2000,0.0
DNK,Denmark,2001,0.0
DNK,Denmark,2002,0.0
DNK,Denmark,2003,0.0
DNK,Denmark,2004,0.0
DNK,Denmark,2005,0.0
DNK,Denmark,2006,0.0
DNK,Denmark,2007,0.0
DNK,Denmark,2008,0.0
DNK,Denmark,2009,0.0
DNK,Denmark,2010,1.0
DNK,Denmark,2011,1.0
DNK,Denmark,2012,1.0
DNK,Denmark,2013,1.0
DNK,Denmark,2014,1.0
DNK,Denmark,2015,1.0
DNK,Denmark,2016,1.0
DNK,Denmark,2017,1.0
DNK,Denmark,2018,1.0
DNK,Denmark,2019,1.0
DNK,Denmark,2020,1.0
EGY,"Egypt, Arab Rep.",2000,0.0
EGY,"Egypt, Arab Rep.",2001,0.0
EGY,"Egypt, Arab Rep.",2002,0.0
EGY,"Egypt, Arab Rep.",2003,0.0
EGY,"Egypt, Arab Rep.",2004,0.0
EGY,"Egypt, Arab Rep.",2005,0.0
EGY,"Egypt, Arab Rep.",2006,0.0
EGY,"Egypt, Arab Rep.",2007,0.0
EGY,"Egypt, Arab Rep.",2008,0.0
EGY,"Egypt, Arab Rep.",2009,0.0
EGY,"Egypt, Arab Rep.",2010,0.0
EGY,"Egypt, Arab Rep.",2011,0.0
EGY,"Egypt, Arab Rep.",2012,0.0
EGY,"Egypt, Arab Rep.",2013,0.0
EGY,"Egypt, Arab Rep.",2014,0.0
EGY,"Egypt, Arab Rep.",2015,0.0
EGY,"Egypt, Arab Rep.",2016,0.0
EGY,"Egypt, Arab Rep.",2017,0.0
EGY,"Egypt, Arab Rep.",2018,0.0
EGY,"Egypt, Arab Rep.",2019,0.0
EGY,"Egypt, Arab Rep.",2020,0.0
EST,Estonia,2000,0.0
EST,Estonia,2001,0.0
EST,Estonia,2002,0.0
EST,Estonia,2003,0.0
EST,Estonia,2004,0.0
EST,Estonia,2005,0.0
EST,Estonia,2006,0.0
EST,Estonia,2007,0.0
EST,Estonia,2008,0.0
EST,Estonia,2009,0.0
EST,Estonia,2010,1.0
EST,Estonia,2011,1.0
EST,Estonia,2012,1.0
EST,Estonia,2013,1.0
EST,Estonia,2014,1.0
EST,Estonia,2015,1.0
EST,Estonia,2016,1.0
EST,Estonia,2017,1.0
EST,Estonia,2018,1.0
EST,Estonia,2019,1.0
EST,Estonia,2020,1.0
FIN,Finland,2000,0.0
FIN,Finland,2001,0.0
FIN,Finland,2002,0.0
FIN,Finland,2003,0.0
FIN,Finland,2004,0.0
FIN,Finland,2005,0.0
FIN,Finland,2006,0.0
FIN,Finland,2007,0.0
FIN,Finland,2008,0.0
FIN,Finland,2009,0.0
FIN,Finland,2010,1.0
FIN,Finland,2011,1.0
FIN,Finland,2012,1.0
FIN,Finland,2013,1.0
FIN,Finland,2014,1.0
FIN,Finland,2015,1.0
FIN,Finland,2016,1.0
FIN,Finland,2017,1.0
FIN,Finland,2018,1.0
FIN,Finland,2019,1.0
FIN,Finland,2020,1.0
FRA,France,2000,0.0
FRA,France,2001,0.0
FRA,France,2002,0.0
FRA,France,2003,0.0
FRA,France,2004,0.0
FRA,France,2005,0.0
FRA,France,2006,0.0
FRA,France,2007,0.0
FRA,France,2008,0.0
FRA,France,2009,0.0
FRA,France,2010,0.0
FRA,France,2011,0.0
FRA,France,2012,1.0
FRA,France,2013,1.0
FRA,France,2014,1.0
FRA,France,2015,1.0
FRA,France,2016,1.0
FRA,France,2017,1.0
FRA,France,2018,1.0
FRA,France,2019,1.0
FRA,France,2020,1.0
DEU,Germany,2000,0.0
DEU,Germany,2001,0.0
DEU,Germany,2002,0.0
DEU,Germany,2003,0.0
DEU,Germany,2004,0.0
DEU,Germany,2005,0.0
DEU,Germany,2006,0.0
DEU,Germany,2007,0.0
DEU,Germany,2008,0.0
DEU,Germany,2009,0.0
DEU,Germany,2010,0.0
DEU,Germany,2011,1.0
DEU,Germany,2012,1.0
DEU,Germany,2013,1.0
DEU,Germany,2014,1.0
DEU,Germany,2015,1.0
DEU,Germany,2016,1.0
DEU,Germany,2017,1.0
DEU,Germany,2018,1.0
DEU,Germany,2019,1.0
DEU,Germany,2020,1.0
GRC,Greece,2000,0.0
GRC,Greece,2001,0.0
GRC,Greece,2002,0.0
GRC,Greece,2003,0.0
GRC,Greece,2004,0.0
GRC,Greece,2005,0.0
GRC,Greece,2006,0.0
GRC,Greece,2007,0.0
GRC,Greece,2008,0.0
GRC,Greece,2009,0.0
GRC,Greece,2010,0.0
GRC,Greece,2011,0.0
GRC,Greece,2012,1.0
GRC,Greece,2013,1.0
GRC,Greece,2014,1.0
GRC,Greece,2015,1.0
GRC,Greece,2016,1.0
GRC,Greece,2017,1.0
GRC,Greece,2018,1.0
GRC,Greece,2019,1.0
GRC,Greece,2020,1.0
HKG,"Hong Kong SAR, China",2000,0.0
HKG,"Hong Kong SAR, China",2001,0.0
HKG,"Hong Kong SAR, China",2002,0.0
HKG,"Hong Kong SAR, China",2003,0.0
HKG,"Hong Kong SAR, China",2004,0.0
HKG,"Hong Kong SAR, China",2005,0.0
HKG,"Hong Kong SAR, China",2006,0.0
HKG,"Hong Kong SAR, China",2007,0.0
HKG,"Hong Kong SAR, China",2008,0.0
HKG,"Hong Kong SAR, China",2009,0.0
HKG,"Hong Kong SAR, China",2010,0.0
HKG,"Hong Kong SAR, China",2011,0.0
HKG,"Hong Kong SAR, China",2012,0.0
HKG,"Hong Kong SAR, China",2013,0.0
HKG,"Hong Kong SAR, China",2014,0.0
HKG,"Hong Kong SAR, China",2015,0.0
HKG,"Hong Kong SAR, China",2016,0.0
HKG,"Hong Kong SAR, China",2017,0.0
HKG,"Hong Kong SAR, China",2018,0.0
HKG,"Hong Kong SAR, China",2019,0.0
HKG,"Hong Kong SAR, China",2020,0.0
HUN,Hungary,2000,0.0
HUN,Hungary,2001,0.0
HUN,Hungary,2002,0.0
HUN,Hungary,2003,0.0
HUN,Hungary,2004,0.0
HUN,Hungary,2005,0.0
HUN,Hungary,2006,0.0
HUN,Hungary,2007,0.0
HUN,Hungary,2008,0.0
HUN,Hungary,2009,0.0
HUN,Hungary,2010,0.0
HUN,Hungary,2011,0.0
HUN,Hungary,2012,1.0
HUN,Hungary,2013,1.0
HUN,Hungary,2014,1.0
HUN,Hungary,2015,1.0
HUN,Hungary,2016,1.0
HUN,Hungary,2017,1.0
HUN,Hungary,2018,1.0
HUN,Hungary,2019,1.0
HUN,Hungary,2020,1.0
ISL,Iceland,2000,0.0
ISL,Iceland,2001,0.0
ISL,Iceland,2002,0.0
ISL,Iceland,2003,0.0
ISL,Iceland,2004,0.0
ISL,Iceland,2005,0.0
ISL,Iceland,2006,0.0
ISL,Iceland,2007,0.0
ISL,Iceland,2008,0.0
ISL,Iceland,2009,0.0
ISL,Iceland,2010,0.0
ISL,Iceland,2011,0.0
ISL,Iceland,2012,0.0
ISL,Iceland,2013,1.0
ISL,Iceland,2014,1.0
ISL,Iceland,2015,1.0
ISL,Iceland,2016,1.0
ISL,Iceland,2017,1.0
ISL,Iceland,2018,1.0
ISL,Iceland,2019,1.0
ISL,Iceland,2020,1.0
IND,India,2000,0.0
IND,India,2001,0.0
IND,India,2002,0.0
IND,India,2003,0.0
IND,India,2004,0.0
IND,India,2005,0.0
IND,India,2006,0.0
IND,India,2007,0.0
IND,India,2008,0.0
IND,India,2009,0.0
IND,India,2010,0.0
IND,India,2011,0.0
IND,India,2012,1.0
IND,India,2013,1.0
IND,India,2014,1.0
IND,India,2015,1.0
IND,India,2016,1.0
IND,India,2017,1.0
IND,India,2018,1.0
IND,India,2019,1.0
IND,India,2020,1.0
IDN,Indonesia,2000,0.0
IDN,Indonesia,2001,0.0
IDN,Indonesia,2002,0.0
IDN,Indonesia,2003,0.0
IDN,Indonesia,2004,0.0
IDN,Indonesia,2005,0.0
IDN,Indonesia,2006,0.0
IDN,Indonesia,2007,0.0
IDN,Indonesia,2008,0.0
IDN,Indonesia,2009,0.0
IDN,Indonesia,2010,0.0
IDN,Indonesia,2011,0.0
IDN,Indonesia,2012,0.0
IDN,Indonesia,2013,1.0
IDN,Indonesia,2014,1.0
IDN,Indonesia,2015,1.0
IDN,Indonesia,2016,1.0
IDN,Indonesia,2017,1.0
IDN,Indonesia,2018,1.0
IDN,Indonesia,2019,1.0
IDN,Indonesia,2020,1.0
IRL,Ireland,2000,0.0
IRL,Ireland,2001,0.0
IRL,Ireland,2002,0.0
IRL,Ireland,2003,0.0
IRL,Ireland,2004,0.0
IRL,Ireland,2005,0.0
IRL,Ireland,2006,0.0
IRL,Ireland,2007,0.0
IRL,Ireland,2008,0.0
IRL,Ireland,2009,0.0
IRL,Ireland,2010,0.0
IRL,Ireland,2011,0.0
IRL,Ireland,2012,0.0
IRL,Ireland,2013,1.0
IRL,Ireland,2014,1.0
IRL,Ireland,2015,1.0
IRL,Ireland,2016,1.0
IRL,Ireland,2017,1.0
IRL,Ireland,2018,1.0
IRL,Ireland,2019,1.0
IRL,Ireland,2020,1.0
ISR,Israel,2000,0.0
ISR,Israel,2001,0.0
ISR,Israel,2002,0.0
ISR,Israel,2003,0.0
ISR,Israel,2004,0.0
ISR,Israel,2005,0.0
ISR,Israel,2006,0.0
ISR,Israel,2007,0.0
ISR,Israel,2008,0.0
ISR,Israel,2009,0.0
ISR,Israel,2010,0.0
ISR,Israel,2011,0.0
ISR,Israel,2012,0.0
ISR,Israel,2013,0.0
ISR,Israel,2014,1.0
ISR,Israel,2015,1.0
ISR,Israel,2016,1.0
ISR,Israel,2017,1.0
ISR,Israel,2018,1.0
ISR,Israel,2019,1.0
ISR,Israel,2020,1.0
ITA,Italy,2000,0.0
ITA,Italy,2001,0.0
ITA,Italy,2002,0.0
ITA,Italy,2003,0.0
ITA,Italy,2004,0.0
ITA,Italy,2005,0.0
ITA,Italy,2006,0.0
ITA,Italy,2007,0.0
ITA,Italy,2008,0.0
ITA,Italy,2009,0.0
ITA,Italy,2010,0.0
ITA,Italy,2011,0.0
ITA,Italy,2012,1.0
ITA,Italy,2013,1.0
ITA,Italy,2014,1.0
ITA,Italy,2015,1.0
ITA,Italy,2016,1.0
ITA,Italy,2017,1.0
ITA,Italy,2018,1.0
ITA,Italy,2019,1.0
ITA,Italy,2020,1.0
JPN,Japan,2000,0.0
JPN,Japan,2001,0.0
JPN,Japan,2002,0.0
JPN,Japan,2003,0.0
JPN,Japan,2004,0.0
JPN,Japan,2005,0.0
JPN,Japan,2006,0.0
JPN,Japan,2007,0.0
JPN,Japan,2008,0.0
JPN,Japan,2009,0.0
JPN,Japan,2010,1.0
JPN,Japan,2011,1.0
JPN,Japan,2012,1.0
JPN,Japan,2013,1.0
JPN,Japan,2014,1.0
JPN,Japan,2015,1.0
JPN,Japan,2016,1.0
JPN,Japan,2017,1.0
JPN,Japan,2018,1.0
JPN,Japan,2019,1.0
JPN,Japan,2020,1.0
JOR,Jordan,2000,0.0
JOR,Jordan,2001,0.0
JOR,Jordan,2002,0.0
JOR,Jordan,2003,0.0
JOR,Jordan,2004,0.0
JOR,Jordan,2005,0.0
JOR,Jordan,2006,0.0
JOR,Jordan,2007,0.0
JOR,Jordan,2008,0.0
JOR,Jordan,2009,0.0
JOR,Jordan,2010,0.0
JOR,Jordan,2011,0.0
JOR,Jordan,2012,0.0
JOR,Jordan,2013,0.0
JOR,Jordan,2014,1.0
JOR,Jordan,2015,1.0
JOR,Jordan,2016,1.0
JOR,Jordan,2017,1.0
JOR,Jordan,2018,1.0
JOR,Jordan,2019,1.0
JOR,Jordan,2020,1.0
KAZ,Kazakhstan,2000,0.0
KAZ,Kazakhstan,2001,0.0
KAZ,Kazakhstan,2002,0.0
KAZ,Kazakhstan,2003,0.0
KAZ,Kazakhstan,2004,0.0
KAZ,Kazakhstan,2005,0.0
KAZ,Kazakhstan,2006,0.0
KAZ,Kazakhstan,2007,0.0
KAZ,Kazakhstan,2008,0.0
KAZ,Kazakhstan,2009,0.0
KAZ,Kazakhstan,2010,0.0
KAZ,Kazakhstan,2011,0.0
KAZ,Kazakhstan,2012,1.0
KAZ,Kazakhstan,2013,1.0
KAZ,Kazakhstan,2014,1.0
KAZ,Kazakhstan,2015,1.0
KAZ,Kazakhstan,2016,1.0
KAZ,Kazakhstan,2017,1.0
KAZ,Kazakhstan,2018,1.0
KAZ,Kazakhstan,2019,1.0
KAZ,Kazakhstan,2020,1.0
KOR,"Korea, Rep.",2000,0.0
KOR,"Korea, Rep.",2001,0.0
KOR,"Korea, Rep.",2002,0.0
KOR,"Korea, Rep.",2003,0.0
KOR,"Korea, Rep.",2004,0.0
KOR,"Korea, Rep.",2005,0.0
KOR,"Korea, Rep.",2006,0.0
KOR,"Korea, Rep.",2007,0.0
KOR,"Korea, Rep.",2008,0.0
KOR,"Korea, Rep.",2009,0.0
KOR,"Korea, Rep.",2010,0.0
KOR,"Korea, Rep.",2011,0.0
KOR,"Korea, Rep.",2012,0.0
KOR,"Korea, Rep.",2013,0.0
KOR,"Korea, Rep.",2014,0.0
KOR,"Korea, Rep.",2015,0.0
KOR,"Korea, Rep.",2016,0.0
KOR,"Korea, Rep.",2017,0.0
KOR,"Korea, Rep.",2018,0.0
KOR,"Korea, Rep.",2019,0.0
KOR,"Korea, Rep.",2020,0.0
LAO,Lao PDR,2000,0.0
LAO,Lao PDR,2001,0.0
LAO,Lao PDR,2002,0.0
LAO,Lao PDR,2003,0.0
LAO,Lao PDR,2004,0.0
LAO,Lao PDR,2005,0.0
LAO,Lao PDR,2006,0.0
LAO,Lao PDR,2007,0.0
LAO,Lao PDR,2008,0.0
LAO,Lao PDR,2009,0.0
LAO,Lao PDR,2010,0.0
LAO,Lao PDR,2011,0.0
LAO,Lao PDR,2012,0.0
LAO,Lao PDR,2013,0.0
LAO,Lao PDR,2014,0.0
LAO,Lao PDR,2015,0.0
LAO,Lao PDR,2016,0.0
LAO,Lao PDR,2017,0.0
LAO,Lao PDR,2018,0.0
LAO,Lao PDR,2019,0.0
LAO,Lao PDR,2020,0.0
LVA,Latvia,2000,0.0
LVA,Latvia,2001,0.0
LVA,Latvia,2002,0.0
LVA,Latvia,2003,0.0
LVA,Latvia,2004,0.0
LVA,Latvia,2005,0.0
LVA,Latvia,2006,0.0
LVA,Latvia,2007,0.0
LVA,Latvia,2008,0.0
LVA,Latvia,2009,0.0
LVA,Latvia,2010,0.0
LVA,Latvia,2011,1.0
LVA,Latvia,2012,1.0
LVA,Latvia,2013,1.0
LVA,Latvia,2014,1.0
LVA,Latvia,2015,1.0
LVA,Latvia,2016,1.0
LVA,Latvia,2017,1.0
LVA,Latvia,2018,1.0
LVA,Latvia,2019,1.0
LVA,Latvia,2020,1.0
LTU,Lithuania,2000,0.0
LTU,Lithuania,2001,0.0
LTU,Lithuania,2002,0.0
LTU,Lithuania,2003,0.0
LTU,Lithuania,2004,0.0
LTU,Lithuania,2005,0.0
LTU,Lithuania,2006,0.0
LTU,Lithuania,2007,0.0
LTU,Lithuania,2008,0.0
LTU,Lithuania,2009,0.0
LTU,Lithuania,2010,0.0
LTU,Lithuania,2011,1.0
LTU,Lithuania,2012,1.0
LTU,Lithuania,2013,1.0
LTU,Lithuania,2014,1.0
LTU,Lithuania,2015,1.0
LTU,Lithuania,2016,1.0
LTU,Lithuania,2017,1.0
LTU,Lithuania,2018,1.0
LTU,Lithuania,2019,1.0
LTU,Lithuania,2020,1.0
LUX,Luxembourg,2000,0.0
LUX,Luxembourg,2001,0.0
LUX,Luxembourg,2002,0.0
LUX,Luxembourg,2003,0.0
LUX,Luxembourg,2004,0.0
LUX,Luxembourg,2005,0.0
LUX,Luxembourg,2006,0.0
LUX,Luxembourg,2007,0.0
LUX,Luxembourg,2008,0.0
LUX,Luxembourg,2009,0.0
LUX,Luxembourg,2010,0.0
LUX,Luxembourg,2011,0.0
LUX,Luxembourg,2012,1.0
LUX,Luxembourg,2013,1.0
LUX,Luxembourg,2014,1.0
LUX,Luxembourg,2015,1.0
LUX,Luxembourg,2016,1.0
LUX,Luxembourg,2017,1.0
LUX,Luxembourg,2018,1.0
LUX,Luxembourg,2019,1.0
LUX,Luxembourg,2020,1.0
MYS,Malaysia,2000,0.0
MYS,Malaysia,2001,0.0
MYS,Malaysia,2002,0.0
MYS,Malaysia,2003,0.0
MYS,Malaysia,2004,0.0
MYS,Malaysia,2005,0.0
MYS,Malaysia,2006,0.0
MYS,Malaysia,2007,0.0
MYS,Malaysia,2008,0.0
MYS,Malaysia,2009,0.0
MYS,Malaysia,2010,0.0
MYS,Malaysia,2011,0.0
MYS,Malaysia,2012,0.0
MYS,Malaysia,2013,1.0
MYS,Malaysia,2014,1.0
MYS,Malaysia,2015,1.0
MYS,Malaysia,2016,1.0
MYS,Malaysia,2017,1.0
MYS,Malaysia,2018,1.0
MYS,Malaysia,2019,1.0
MYS,Malaysia,2020,1.0
MLT,Malta,2000,0.0
MLT,Malta,2001,0.0
MLT,Malta,2002,0.0
MLT,Malta,2003,0.0
MLT,Malta,2004,0.0
MLT,Malta,2005,0.0
MLT,Malta,2006,0.0
MLT,Malta,2007,0.0
MLT,Malta,2008,0.0
MLT,Malta,2009,0.0
MLT,Malta,2010,0.0
MLT,Malta,2011,0.0
MLT,Malta,2012,0.0
MLT,Malta,2013,1.0
MLT,Malta,2014,1.0
MLT,Malta,2015,1.0
MLT,Malta,2016,1.0
MLT,Malta,2017,1.0
MLT,Malta,2018,1.0
MLT,Malta,2019,1.0
MLT,Malta,2020,1.0
MEX,Mexico,2000,0.0
MEX,Mexico,2001,0.0
MEX,Mexico,2002,0.0
MEX,Mexico,2003,0.0
MEX,Mexico,2004,0.0
MEX,Mexico,2005,0.0
MEX,Mexico,2006,0.0
MEX,Mexico,2007,0.0
MEX,Mexico,2008,0.0
MEX,Mexico,2009,0.0
MEX,Mexico,2010,0.0
MEX,Mexico,2011,0.0
MEX,Mexico,2012,1.0
MEX,Mexico,2013,1.0
MEX,Mexico,2014,1.0
MEX,Mexico,2015,1.0
MEX,Mexico,2016,1.0
MEX,Mexico,2017,1.0
MEX,Mexico,2018,1.0
MEX,Mexico,2019,1.0
MEX,Mexico,2020,1.0
MAR,Morocco,2000,0.0
MAR,Morocco,2001,0.0
MAR,Morocco,2002,0.0
MAR,Morocco,2003,0.0
MAR,Morocco,2004,0.0
MAR,Morocco,2005,0.0
MAR,Morocco,2006,0.0
MAR,Morocco,2007,0.0
MAR,Morocco,2008,0.0
MAR,Morocco,2009,0.0
MAR,Morocco,2010,0.0
MAR,Morocco,2011,0.0
MAR,Morocco,2012,0.0
MAR,Morocco,2013,0.0
MAR,Morocco,2014,0.0
MAR,Morocco,2015,1.0
MAR,Morocco,2016,1.0
MAR,Morocco,2017,1.0
MAR,Morocco,2018,1.0
MAR,Morocco,2019,1.0
MAR,Morocco,2020,1.0
MMR,Myanmar,2000,0.0
MMR,Myanmar,2001,0.0
MMR,Myanmar,2002,0.0
MMR,Myanmar,2003,0.0
MMR,Myanmar,2004,0.0
MMR,Myanmar,2005,0.0
MMR,Myanmar,2006,0.0
MMR,Myanmar,2007,0.0
MMR,Myanmar,2008,0.0
MMR,Myanmar,2009,0.0
MMR,Myanmar,2010,0.0
MMR,Myanmar,2011,0.0
MMR,Myanmar,2012,0.0
MMR,Myanmar,2013,1.0
MMR,Myanmar,2014,1.0
MMR,Myanmar,2015,1.0
MMR,Myanmar,2016,1.0
MMR,Myanmar,2017,1.0
MMR,Myanmar,2018,1.0
MMR,Myanmar,2019,1.0
MMR,Myanmar,2020,1.0
NLD,Netherlands,2000,0.0
NLD,Netherlands,2001,0.0
NLD,Netherlands,2002,0.0
NLD,Netherlands,2003,0.0
NLD,Netherlands,2004,0.0
NLD,Netherlands,2005,0.0
NLD,Netherlands,2006,0.0
NLD,Netherlands,2007,0.0
NLD,Netherlands,2008,0.0
NLD,Netherlands,2009,0.0
NLD,Netherlands,2010,0.0
NLD,Netherlands,2011,0.0
NLD,Netherlands,2012,0.0
NLD,Netherlands,2013,0.0
NLD,Netherlands,2014,0.0
NLD,Netherlands,2015,0.0
NLD,Netherlands,2016,0.0
NLD,Netherlands,2017,0.0
NLD,Netherlands,2018,0.0
NLD,Netherlands,2019,0.0
NLD,Netherlands,2020,0.0
NZL,New Zealand,2000,0.0
NZL,New Zealand,2001,0.0
NZL,New Zealand,2002,0.0
NZL,New Zealand,2003,0.0
NZL,New Zealand,2004,0.0
NZL,New Zealand,2005,0.0
NZL,New Zealand,2006,0.0
NZL,New Zealand,2007,0.0
NZL,New Zealand,2008,0.0
NZL,New Zealand,2009,0.0
NZL,New Zealand,2010,0.0
NZL,New Zealand,2011,0.0
NZL,New Zealand,2012,0.0
NZL,New Zealand,2013,1.0
NZL,New Zealand,2014,1.0
NZL,New Zealand,2015,1.0
NZL,New Zealand,2016,1.0
NZL,New Zealand,2017,1.0
NZL,New Zealand,2018,1.0
NZL,New Zealand,2019,1.0
NZL,New Zealand,2020,1.0
NGA,Nigeria,2000,0.0
NGA,Nigeria,2001,0.0
NGA,Nigeria,2002,0.0
NGA,Nigeria,2003,0.0
NGA,Nigeria,2004,0.0
NGA,Nigeria,2005,0.0
NGA,Nigeria,2006,0.0
NGA,Nigeria,2007,0.0
NGA,Nigeria,2008,0.0
NGA,Nigeria,2009,0.0
NGA,Nigeria,2010,0.0
NGA,Nigeria,2011,0.0
NGA,Nigeria,2012,0.0
NGA,Nigeria,2013,1.0
NGA,Nigeria,2014,1.0
NGA,Nigeria,2015,1.0
NGA,Nigeria,2016,1.0
NGA,Nigeria,2017,1.0
NGA,Nigeria,2018,1.0
NGA,Nigeria,2019,1.0
NGA,Nigeria,2020,1.0
NOR,Norway,2000,0.0
NOR,Norway,2001,0.0
NOR,Norway,2002,0.0
NOR,Norway,2003,0.0
NOR,Norway,2004,0.0
NOR,Norway,2005,0.0
NOR,Norway,2006,0.0
NOR,Norway,2007,0.0
NOR,Norway,2008,0.0
NOR,Norway,2009,1.0
NOR,Norway,2010,1.0
NOR,Norway,2011,1.0
NOR,Norway,2012,1.0
NOR,Norway,2013,1.0
NOR,Norway,2014,1.0
NOR,Norway,2015,1.0
NOR,Norway,2016,1.0
NOR,Norway,2017,1.0
NOR,Norway,2018,1.0
NOR,Norway,2019,1.0
NOR,Norway,2020,1.0
PAK,Pakistan,2000,0.0
PAK,Pakistan,2001,0.0
PAK,Pakistan,2002,0.0
PAK,Pakistan,2003,0.0
PAK,Pakistan,2004,0.0
PAK,Pakistan,2005,0.0
PAK,Pakistan,2006,0.0
PAK,Pakistan,2007,0.0
PAK,Pakistan,2008,0.0
PAK,Pakistan,2009,0.0
PAK,Pakistan,2010,0.0
PAK,Pakistan,2011,0.0
PAK,Pakistan,2012,0.0
PAK,Pakistan,2013,0.0
PAK,Pakistan,2014,1.0
PAK,Pakistan,2015,1.0
PAK,Pakistan,2016,1.0
PAK,Pakistan,2017,1.0
PAK,Pakistan,2018,1.0
PAK,Pakistan,2019,1.0
PAK,Pakistan,2020,1.0
PER,Peru,2000,0.0
PER,Peru,2001,0.0
PER,Peru,2002,0.0
PER,Peru,2003,0.0
PER,Peru,2004,0.0
PER,Peru,2005,0.0
PER,Peru,2006,0.0
PER,Peru,2007,0.0
PER,Peru,2008,0.0
PER,Peru,2009,0.0
PER,Peru,2010,0.0
PER,Peru,2011,0.0
PER,Peru,2012,0.0
PER,Peru,2013,0.0
PER,Peru,2014,1.0
PER,Peru,2015,1.0
PER,Peru,2016,1.0
PER,Peru,2017,1.0
PER,Peru,2018,1.0
PER,Peru,2019,1.0
PER,Peru,2020,1.0
PHL,Philippines,2000,0.0
PHL,Philippines,2001,0.0
PHL,Philippines,2002,0.0
PHL,Philippines,2003,0.0
PHL,Philippines,2004,0.0
PHL,Philippines,2005,0.0
PHL,Philippines,2006,0.0
PHL,Philippines,2007,0.0
PHL,Philippines,2008,0.0
PHL,Philippines,2009,0.0
PHL,Philippines,2010,0.0
PHL,Philippines,2011,1.0
PHL,Philippines,2012,1.0
PHL,Philippines,2013,1.0
PHL,Philippines,2014,1.0
PHL,Philippines,2015,1.0
PHL,Philippines,2016,1.0
PHL,Philippines,2017,1.0
PHL,Philippines,2018,1.0
PHL,Philippines,2019,1.0
PHL,Philippines,2020,1.0
POL,Poland,2000,0.0
POL,Poland,2001,0.0
POL,Poland,2002,0.0
POL,Poland,2003,0.0
POL,Poland,2004,0.0
POL,Poland,2005,0.0
POL,Poland,2006,0.0
POL,Poland,2007,0.0
POL,Poland,2008,0.0
POL,Poland,2009,0.0
POL,Poland,2010,1.0
POL,Poland,2011,1.0
POL,Poland,2012,1.0
POL,Poland,2013,1.0
POL,Poland,2014,1.0
POL,Poland,2015,1.0
POL,Poland,2016,1.0
POL,Poland,2017,1.0
POL,Poland,2018,1.0
POL,Poland,2019,1.0
POL,Poland,2020,1.0
PRT,Portugal,2000,0.0
PRT,Portugal,2001,0.0
PRT,Portugal,2002,0.0
PRT,Portugal,2003,0.0
PRT,Portugal,2004,0.0
PRT,Portugal,2005,0.0
PRT,Portugal,2006,0.0
PRT,Portugal,2007,0.0
PRT,Portugal,2008,0.0
PRT,Portugal,2009,0.0
PRT,Portugal,2010,0.0
PRT,Portugal,2011,0.0
PRT,Portugal,2012,1.0
PRT,Portugal,2013,1.0
PRT,Portugal,2014,1.0
PRT,Portugal,2015,1.0
PRT,Portugal,2016,1.0
PRT,Portugal,2017,1.0
PRT,Portugal,2018,1.0
PRT,Portugal,2019,1.0
PRT,Portugal,2020,1.0
RUS,Russian Federation,2000,0.0
RUS,Russian Federation,2001,0.0
RUS,Russian Federation,2002,0.0
RUS,Russian Federation,2003,0.0
RUS,Russian Federation,2004,0.0
RUS,Russian Federation,2005,0.0
RUS,Russian Federation,2006,0.0
RUS,Russian Federation,2007,0.0
RUS,Russian Federation,2008,0.0
RUS,Russian Federation,2009,0.0
RUS,Russian Federation,2010,0.0
RUS,Russian Federation,2011,0.0
RUS,Russian Federation,2012,0.0
RUS,Russian Federation,2013,0.0
RUS,Russian Federation,2014,0.0
RUS,Russian Federation,2015,0.0
RUS,Russian Federation,2016,0.0
RUS,Russian Federation,2017,0.0
RUS,Russian Federation,2018,0.0
RUS,Russian Federation,2019,0.0
RUS,Russian Federation,2020,0.0
SAU,Saudi Arabia,2000,0.0
SAU,Saudi Arabia,2001,0.0
SAU,Saudi Arabia,2002,0.0
SAU,Saudi Arabia,2003,0.0
SAU,Saudi Arabia,2004,0.0
SAU,Saudi Arabia,2005,0.0
SAU,Saudi Arabia,2006,0.0
SAU,Saudi Arabia,2007,0.0
SAU,Saudi Arabia,2008,0.0
SAU,Saudi Arabia,2009,0.0
SAU,Saudi Arabia,2010,0.0
SAU,Saudi Arabia,2011,1.0
SAU,Saudi Arabia,2012,1.0
SAU,Saudi Arabia,2013,1.0
SAU,Saudi Arabia,2014,1.0
SAU,Saudi Arabia,2015,1.0
SAU,Saudi Arabia,2016,1.0
SAU,Saudi Arabia,2017,1.0
SAU,Saudi Arabia,2018,1.0
SAU,Saudi Arabia,2019,1.0
SAU,Saudi Arabia,2020,1.0
SEN,Senegal,2000,0.0
SEN,Senegal,2001,0.0
SEN,Senegal,2002,0.0
SEN,Senegal,2003,0.0
SEN,Senegal,2004,0.0
SEN,Senegal,2005,0.0
SEN,Senegal,2006,0.0
SEN,Senegal,2007,0.0
SEN,Senegal,2008,0.0
SEN,Senegal,2009,0.0
SEN,Senegal,2010,0.0
SEN,Senegal,2011,0.0
SEN,Senegal,2012,0.0
SEN,Senegal,2013,0.0
SEN,Senegal,2014,0.0
SEN,Senegal,2015,0.0
SEN,Senegal,2016,0.0
SEN,Senegal,2017,0.0
SEN,Senegal,2018,0.0
SEN,Senegal,2019,0.0
SEN,Senegal,2020,0.0
SGP,Singapore,2000,0.0
SGP,Singapore,2001,0.0
SGP,Singapore,2002,0.0
SGP,Singapore,2003,0.0
SGP,Singapore,2004,0.0
SGP,Singapore,2005,0.0
SGP,Singapore,2006,0.0
SGP,Singapore,2007,0.0
SGP,Singapore,2008,0.0
SGP,Singapore,2009,0.0
SGP,Singapore,2010,0.0
SGP,Singapore,2011,1.0
SGP,Singapore,2012,1.0
SGP,Singapore,2013,1.0
SGP,Singapore,2014,1.0
SGP,Singapore,2015,1.0
SGP,Singapore,2016,1.0
SGP,Singapore,2017,1.0
SGP,Singapore,2018,1.0
SGP,Singapore,2019,1.0
SGP,Singapore,2020,1.0
SVK,Slovak Republic,2000,0.0
SVK,Slovak Republic,2001,0.0
SVK,Slovak Republic,2002,0.0
SVK,Slovak Republic,2003,0.0
SVK,Slovak Republic,2004,0.0
SVK,Slovak Republic,2005,0.0
SVK,Slovak Republic,2006,0.0
SVK,Slovak Republic,2007,0.0
SVK,Slovak Republic,2008,0.0
SVK,Slovak Republic,2009,0.0
SVK,Slovak Republic,2010,0.0
SVK,Slovak Republic,2011,0.0
SVK,Slovak Republic,2012,1.0
SVK,Slovak Republic,2013,1.0
SVK,Slovak Republic,2014,1.0
SVK,Slovak Republic,2015,1.0
SVK,Slovak Republic,2016,1.0
SVK,Slovak Republic,2017,1.0
SVK,Slovak Republic,2018,1.0
SVK,Slovak Republic,2019,1.0
SVK,Slovak Republic,2020,1.0
SVN,Slovenia,2000,0.0
SVN,Slovenia,2001,0.0
SVN,Slovenia,2002,0.0
SVN,Slovenia,2003,0.0
SVN,Slovenia,2004,0.0
SVN,Slovenia,2005,0.0
SVN,Slovenia,2006,0.0
SVN,Slovenia,2007,0.0
SVN,Slovenia,2008,0.0
SVN,Slovenia,2009,0.0
SVN,Slovenia,2010,0.0
SVN,Slovenia,2011,0.0
SVN,Slovenia,2012,1.0
SVN,Slovenia,2013,1.0
SVN,Slovenia,2014,1.0
SVN,Slovenia,2015,1.0
SVN,Slovenia,2016,1.0
SVN,Slovenia,2017,1.0
SVN,Slovenia,2018,1.0
SVN,Slovenia,2019,1.0
SVN,Slovenia,2020,1.0
ZAF,South Africa,2000,0.0
ZAF,South Africa,2001,0.0
ZAF,South Africa,2002,0.0
ZAF,South Africa,2003,0.0
ZAF,South Africa,2004,0.0
ZAF,South Africa,2005,0.0
ZAF,South Africa,2006,0.0
ZAF,South Africa,2007,0.0
ZAF,South Africa,2008,0.0
ZAF,South Africa,2009,0.0
ZAF,South Africa,2010,0.0
ZAF,South Africa,2011,0.0
ZAF,South Africa,2012,1.0
ZAF,South Africa,2013,1.0
ZAF,South Africa,2014,1.0
ZAF,South Africa,2015,1.0
ZAF,South Africa,2016,1.0
ZAF,South Africa,2017,1.0
ZAF,South Africa,2018,1.0
ZAF,South Africa,2019,1.0
ZAF,South Africa,2020,1.0
ESP,Spain,2000,0.0
ESP,Spain,2001,0.0
ESP,Spain,2002,0.0
ESP,Spain,2003,0.0
ESP,Spain,2004,0.0
ESP,Spain,2005,0.0
ESP,Spain,2006,0.0
ESP,Spain,2007,0.0
ESP,Spain,2008,0.0
ESP,Spain,2009,0.0
ESP,Spain,2010,0.0
ESP,Spain,2011,0.0
ESP,Spain,2012,0.0
ESP,Spain,2013,1.0
ESP,Spain,2014,1.0
ESP,Spain,2015,1.0
ESP,Spain,2016,1.0
ESP,Spain,2017,1.0
ESP,Spain,2018,1.0
ESP,Spain,2019,1.0
ESP,Spain,2020,1.0
SWE,Sweden,2000,0.0
SWE,Sweden,2001,0.0
SWE,Sweden,2002,0.0
SWE,Sweden,2003,0.0
SWE,Sweden,2004,0.0
SWE,Sweden,2005,0.0
SWE,Sweden,2006,0.0
SWE,Sweden,2007,0.0
SWE,Sweden,2008,0.0
SWE,Sweden,2009,1.0
SWE,Sweden,2010,1.0
SWE,Sweden,2011,1.0
SWE,Sweden,2012,1.0
SWE,Sweden,2013,1.0
SWE,Sweden,2014,1.0
SWE,Sweden,2015,1.0
SWE,Sweden,2016,1.0
SWE,Sweden,2017,1.0
SWE,Sweden,2018,1.0
SWE,Sweden,2019,1.0
SWE,Sweden,2020,1.0
CHE,Switzerland,2000,0.0
CHE,Switzerland,2001,0.0
CHE,Switzerland,2002,0.0
CHE,Switzerland,2003,0.0
CHE,Switzerland,2004,0.0
CHE,Switzerland,2005,0.0
CHE,Switzerland,2006,0.0
CHE,Switzerland,2007,0.0
CHE,Switzerland,2008,0.0
CHE,Switzerland,2009,0.0
CHE,Switzerland,2010,0.0
CHE,Switzerland,2011,0.0
CHE,Switzerland,2012,1.0
CHE,Switzerland,2013,1.0
CHE,Switzerland,2014,1.0
CHE,Switzerland,2015,1.0
CHE,Switzerland,2016,1.0
CHE,Switzerland,2017,1.0
CHE,Switzerland,2018,1.0
CHE,Switzerland,2019,1.0
CHE,Switzerland,2020,1.0
THA,Thailand,2000,0.0
THA,Thailand,2001,0.0
THA,Thailand,2002,0.0
THA,Thailand,2003,0.0
THA,Thailand,2004,0.0
THA,Thailand,2005,0.0
THA,Thailand,2006,0.0
THA,Thailand,2007,0.0
THA,Thailand,2008,0.0
THA,Thailand,2009,0.0
THA,Thailand,2010,0.0
THA,Thailand,2011,0.0
THA,Thailand,2012,0.0
THA,Thailand,2013,1.0
THA,Thailand,2014,1.0
THA,Thailand,2015,1.0
THA,Thailand,2016,1.0
THA,Thailand,2017,1.0
THA,Thailand,2018,1.0
THA,Thailand,2019,1.0
THA,Thailand,2020,1.0
TUN,Tunisia,2000,0.0
TUN,Tunisia,2001,0.0
TUN,Tunisia,2002,0.0
TUN,Tunisia,2003,0.0
TUN,Tunisia,2004,0.0
TUN,Tunisia,2005,0.0
TUN,Tunisia,2006,0.0
TUN,Tunisia,2007,0.0
TUN,Tunisia,2008,0.0
TUN,Tunisia,2009,0.0
TUN,Tunisia,2010,0.0
TUN,Tunisia,2011,0.0
TUN,Tunisia,2012,0.0
TUN,Tunisia,2013,0.0
TUN,Tunisia,2014,0.0
TUN,Tunisia,2015,0.0
TUN,Tunisia,2016,0.0
TUN,Tunisia,2017,1.0
TUN,Tunisia,2018,1.0
TUN,Tunisia,2019,1.0
TUN,Tunisia,2020,1.0
TUR,Turkiye,2000,0.0
TUR,Turkiye,2001,0.0
TUR,Turkiye,2002,0.0
TUR,Turkiye,2003,0.0
TUR,Turkiye,2004,0.0
TUR,Turkiye,2005,0.0
TUR,Turkiye,2006,0.0
TUR,Turkiye,2007,0.0
TUR,Turkiye,2008,0.0
TUR,Turkiye,2009,0.0
TUR,Turkiye,2010,0.0
TUR,Turkiye,2011,0.0
TUR,Turkiye,2012,0.0
TUR,Turkiye,2013,0.0
TUR,Turkiye,2014,0.0
TUR,Turkiye,2015,0.0
TUR,Turkiye,2016,0.0
TUR,Turkiye,2017,0.0
TUR,Turkiye,2018,0.0
TUR,Turkiye,2019,0.0
TUR,Turkiye,2020,0.0
UKR,Ukraine,2000,0.0
UKR,Ukraine,2001,0.0
UKR,Ukraine,2002,0.0
UKR,Ukraine,2003,0.0
UKR,Ukraine,2004,0.0
UKR,Ukraine,2005,0.0
UKR,Ukraine,2006,0.0
UKR,Ukraine,2007,0.0
UKR,Ukraine,2008,0.0
UKR,Ukraine,2009,0.0
UKR,Ukraine,2010,0.0
UKR,Ukraine,2011,0.0
UKR,Ukraine,2012,0.0
UKR,Ukraine,2013,0.0
UKR,Ukraine,2014,0.0
UKR,Ukraine,2015,0.0
UKR,Ukraine,2016,0.0
UKR,Ukraine,2017,0.0
UKR,Ukraine,2018,1.0
UKR,Ukraine,2019,1.0
UKR,Ukraine,2020,1.0
GBR,United Kingdom,2000,0.0
GBR,United Kingdom,2001,0.0
GBR,United Kingdom,2002,0.0
GBR,United Kingdom,2003,0.0
GBR,United Kingdom,2004,0.0
GBR,United Kingdom,2005,0.0
GBR,United Kingdom,2006,0.0
GBR,United Kingdom,2007,0.0
GBR,United Kingdom,2008,0.0
GBR,United Kingdom,2009,0.0
GBR,United Kingdom,2010,0.0
GBR,United Kingdom,2011,0.0
GBR,United Kingdom,2012,1.0
GBR,United Kingdom,2013,1.0
GBR,United Kingdom,2014,1.0
GBR,United Kingdom,2015,1.0
GBR,United Kingdom,2016,1.0
GBR,United Kingdom,2017,1.0
GBR,United Kingdom,2018,1.0
GBR,United Kingdom,2019,1.0
GBR,United Kingdom,2020,1.0
USA,United States,2000,0.0
USA,United States,2001,0.0
USA,United States,2002,0.0
USA,United States,2003,0.0
USA,United States,2004,0.0
USA,United States,2005,0.0
USA,United States,2006,0.0
USA,United States,2007,0.0
USA,United States,2008,0.0
USA,United States,2009,0.0
USA,United States,2010,1.0
USA,United States,2011,1.0
USA,United States,2012,1.0
USA,United States,2013,1.0
USA,United States,2014,1.0
USA,United States,2015,1.0
USA,United States,2016,1.0
USA,United States,2017,1.0
USA,United States,2018,1.0
USA,United States,2019,1.0
USA,United States,2020,1.0
VNM,Viet Nam,2000,0.0
VNM,Viet Nam,2001,0.0
VNM,Viet Nam,2002,0.0
VNM,Viet Nam,2003,0.0
VNM,Viet Nam,2004,0.0
VNM,Viet Nam,2005,0.0
VNM,Viet Nam,2006,0.0
VNM,Viet Nam,2007,0.0
VNM,Viet Nam,2008,0.0
VNM,Viet Nam,2009,0.0
VNM,Viet Nam,2010,0.0
VNM,Viet Nam,2011,0.0
VNM,Viet Nam,2012,0.0
VNM,Viet Nam,2013,0.0
VNM,Viet Nam,2014,0.0
VNM,Viet Nam,2015,0.0
VNM,Viet Nam,2016,0.0
VNM,Viet Nam,2017,0.0
VNM,Viet Nam,2018,0.0
VNM,Viet Nam,2019,0.0
VNM,Viet Nam,2020,0.0
