Series Name,Series Code,Country Name,Country Code,2000 [YR2000],2001 [YR2001],2002 [YR2002],2003 [YR2003],2004 [YR2004],2005 [YR2005],2006 [YR2006],2007 [YR2007],2008 [YR2008],2009 [YR2009],2010 [YR2010],2011 [YR2011],2012 [YR2012],2013 [YR2013],2014 [YR2014],2015 [YR2015],2016 [YR2016],2017 [YR2017],2018 [YR2018],2019 [YR2019],2020 [YR2020]
CPIA business regulatory environment rating (1=low to 6=high),IQ.CPA.BREG.XQ,Afghanistan,AFG,..,..,..,..,..,..,2.5,2.5,2.5,2.5,2.5,2.5,2.5,2.5,2.5,2.5,2.5,2,2,2,2
CPIA business regulatory environment rating (1=low to 6=high),IQ.CPA.BREG.XQ,Albania,ALB,..,..,..,..,..,3.5,3.5,..,..,..,..,..,..,..,..,..,..,..,..,..,..
CPIA business regulatory environment rating (1=low to 6=high),IQ.CPA.BREG.XQ,Algeria,DZA,..,..,..,..,..,..,..,..,..,..,..,..,..,..,..,..,..,..,..,..,..
CPIA business regulatory environment rating (1=low to 6=high),IQ.CPA.BREG.XQ,American Samoa,ASM,..,..,..,..,..,..,..,..,..,..,..,..,..,..,..,..,..,..,..,..,..
CPIA business regulatory environment rating (1=low to 6=high),IQ.CPA.BREG.XQ,Andorra,AND,..,..,..,..,..,..,..,..,..,..,..,..,..,..,..,..,..,..,..,..,..
CPIA business regulatory environment rating (1=low to 6=high),IQ.CPA.BREG.XQ,Angola,AGO,..,..,..,..,..,2,2,2,2,2,2,2,2,2,..,..,..,..,..,..,..
CPIA business regulatory environment rating (1=low to 6=high),IQ.CPA.BREG.XQ,Antigua and Barbuda,ATG,..,..,..,..,..,..,..,..,..,..,..,..,..,..,..,..,..,..,..,..,..
CPIA business regulatory environment rating (1=low to 6=high),IQ.CPA.BREG.XQ,Argentina,ARG,..,..,..,..,..,..,..,..,..,..,..,..,..,..,..,..,..,..,..,..,..
CPIA business regulatory environment rating (1=low to 6=high),IQ.CPA.BREG.XQ,Armenia,ARM,..,..,..,..,..,4,4,4,4,4,4,4,4,4.5,..,..,..,..,..,..,..
CPIA business regulatory environment rating (1=low to 6=high),IQ.CPA.BREG.XQ,Aruba,ABW,..,..,..,..,..,..,..,..,..,..,..,..,..,..,..,..,..,..,..,..,..
CPIA business regulatory environment rating (1=low to 6=high),IQ.CPA.BREG.XQ,Australia,AUS,..,..,..,..,..,..,..,..,..,..,..,..,..,..,..,..,..,..,..,..,..
CPIA business regulatory environment rating (1=low to 6=high),IQ.CPA.BREG.XQ,Austria,AUT,..,..,..,..,..,..,..,..,..,..,..,..,..,..,..,..,..,..,..,..,..
CPIA business regulatory environment rating (1=low to 6=high),IQ.CPA.BREG.XQ,Azerbaijan,AZE,..,..,..,..,..,3.5,3.5,3.5,4,4,4,..,..,..,..,..,..,..,..,..,..
CPIA business regulatory environment rating (1=low to 6=high),IQ.CPA.BREG.XQ,"Bahamas, The",BHS,..,..,..,..,..,..,..,..,..,..,..,..,..,..,..,..,..,..,..,..,..
CPIA business regulatory environment rating (1=low to 6=high),IQ.CPA.BREG.XQ,Bahrain,BHR,..,..,..,..,..,..,..,..,..,..,..,..,..,..,..,..,..,..,..,..,..
CPIA business regulatory environment rating (1=low to 6=high),IQ.CPA.BREG.XQ,Bangladesh,BGD,..,..,..,..,..,3.5,3.5,3.5,3.5,3.5,3.5,3.5,3.5,3.5,3.5,3,3,3,3,3,3
CPIA business regulatory environment rating (1=low to 6=high),IQ.CPA.BREG.XQ,Barbados,BRB,..,..,..,..,..,..,..,..,..,..,..,..,..,..,..,..,..,..,..,..,..
CPIA business regulatory environment rating (1=low to 6=high),IQ.CPA.BREG.XQ,Belarus,BLR,..,..,..,..,..,..,..,..,..,..,..,..,..,..,..,..,..,..,..,..,..
CPIA business regulatory environment rating (1=low to 6=high),IQ.CPA.BREG.XQ,Belgium,BEL,..,..,..,..,..,..,..,..,..,..,..,..,..,..,..,..,..,..,..,..,..
CPIA business regulatory environment rating (1=low to 6=high),IQ.CPA.BREG.XQ,Belize,BLZ,..,..,..,..,..,..,..,..,..,..,..,..,..,..,..,..,..,..,..,..,..
CPIA business regulatory environment rating (1=low to 6=high),IQ.CPA.BREG.XQ,Benin,BEN,..,..,..,..,..,4,3.5,3.5,3.5,3.5,3.5,3.5,3.5,3.5,3.5,3.5,3,3.5,3.5,3.5,3.5
CPIA business regulatory environment rating (1=low to 6=high),IQ.CPA.BREG.XQ,Bermuda,BMU,..,..,..,..,..,..,..,..,..,..,..,..,..,..,..,..,..,..,..,..,..
CPIA business regulatory environment rating (1=low to 6=high),IQ.CPA.BREG.XQ,Bhutan,BTN,..,..,..,..,..,3.5,3.5,3.5,3.5,3.5,3.5,3.5,3.5,3.5,3.5,3.5,3.5,3.5,3.5,3.5,3.5
CPIA business regulatory environment rating (1=low to 6=high),IQ.CPA.BREG.XQ,Bolivia,BOL,..,..,..,..,..,3,2.5,2.5,2.5,2.5,2.5,2.5,2.5,2.5,2.5,2.5,..,..,..,..,..
CPIA business regulatory environment rating (1=low to 6=high),IQ.CPA.BREG.XQ,Bosnia and Herzegovina,BIH,..,..,..,..,..,3.5,3.5,4,4,4,4,3.5,3.5,3.5,..,..,..,..,..,..,..
CPIA business regulatory environment rating (1=low to 6=high),IQ.CPA.BREG.XQ,Botswana,BWA,..,..,..,..,..,..,..,..,..,..,..,..,..,..,..,..,..,..,..,..,..
CPIA business regulatory environment rating (1=low to 6=high),IQ.CPA.BREG.XQ,Brazil,BRA,..,..,..,..,..,..,..,..,..,..,..,..,..,..,..,..,..,..,..,..,..
CPIA business regulatory environment rating (1=low to 6=high),IQ.CPA.BREG.XQ,British Virgin Islands,VGB,..,..,..,..,..,..,..,..,..,..,..,..,..,..,..,..,..,..,..,..,..
CPIA business regulatory environment rating (1=low to 6=high),IQ.CPA.BREG.XQ,Brunei Darussalam,BRN,..,..,..,..,..,..,..,..,..,..,..,..,..,..,..,..,..,..,..,..,..
CPIA business regulatory environment rating (1=low to 6=high),IQ.CPA.BREG.XQ,Bulgaria,BGR,..,..,..,..,..,..,..,..,..,..,..,..,..,..,..,..,..,..,..,..,..
CPIA business regulatory environment rating (1=low to 6=high),IQ.CPA.BREG.XQ,Burkina Faso,BFA,..,..,..,..,..,3,3,3,3.5,3.5,3.5,3.5,3.5,3.5,3.5,3.5,3.5,3.5,3.5,3.5,3.5
CPIA business regulatory environment rating (1=low to 6=high),IQ.CPA.BREG.XQ,Burundi,BDI,..,..,..,..,..,2.5,2.5,2.5,2.5,2.5,2.5,3,3,3,3,3,3,3,3,3,3
CPIA business regulatory environment rating (1=low to 6=high),IQ.CPA.BREG.XQ,Cabo Verde,CPV,..,..,..,..,..,4,3.5,3.5,3.5,3.5,3.5,3.5,3.5,3.5,3.5,3.5,3.5,3.5,3.5,3.5,3.5
CPIA business regulatory environment rating (1=low to 6=high),IQ.CPA.BREG.XQ,Cambodia,KHM,..,..,..,..,..,3.5,3.5,3.5,3.5,3.5,3.5,3.5,3.5,3.5,3.5,3,3,2.5,2.5,2.5,2.5
CPIA business regulatory environment rating (1=low to 6=high),IQ.CPA.BREG.XQ,Cameroon,CMR,..,..,..,..,..,3.5,3,3,3,3,3,3,3,3,3,3,3,3,3,3,3
CPIA business regulatory environment rating (1=low to 6=high),IQ.CPA.BREG.XQ,Canada,CAN,..,..,..,..,..,..,..,..,..,..,..,..,..,..,..,..,..,..,..,..,..
CPIA business regulatory environment rating (1=low to 6=high),IQ.CPA.BREG.XQ,Cayman Islands,CYM,..,..,..,..,..,..,..,..,..,..,..,..,..,..,..,..,..,..,..,..,..
CPIA business regulatory environment rating (1=low to 6=high),IQ.CPA.BREG.XQ,Central African Republic,CAF,..,..,..,..,..,2,2,2,2,2,2,2,2,2,2,2,2,2,2,2,2
CPIA business regulatory environment rating (1=low to 6=high),IQ.CPA.BREG.XQ,Chad,TCD,..,..,..,..,..,3,3,2.5,2.5,2.5,2,2,2.5,2.5,2.5,2.5,2.5,2.5,2.5,2.5,2.5
CPIA business regulatory environment rating (1=low to 6=high),IQ.CPA.BREG.XQ,Channel Islands,CHI,..,..,..,..,..,..,..,..,..,..,..,..,..,..,..,..,..,..,..,..,..
CPIA business regulatory environment rating (1=low to 6=high),IQ.CPA.BREG.XQ,Chile,CHL,..,..,..,..,..,..,..,..,..,..,..,..,..,..,..,..,..,..,..,..,..
CPIA business regulatory environment rating (1=low to 6=high),IQ.CPA.BREG.XQ,China,CHN,..,..,..,..,..,..,..,..,..,..,..,..,..,..,..,..,..,..,..,..,..
CPIA business regulatory environment rating (1=low to 6=high),IQ.CPA.BREG.XQ,Colombia,COL,..,..,..,..,..,..,..,..,..,..,..,..,..,..,..,..,..,..,..,..,..
CPIA business regulatory environment rating (1=low to 6=high),IQ.CPA.BREG.XQ,Comoros,COM,..,..,..,..,..,2.5,2.5,2.5,2.5,2.5,2.5,2.5,2.5,2.5,2.5,3,3,3,3,3,3
CPIA business regulatory environment rating (1=low to 6=high),IQ.CPA.BREG.XQ,"Congo, Dem. Rep.",COD,..,..,..,..,..,3,3,3,2,2,2,2.5,2.5,3,3,3,3,3,3,3,3
CPIA business regulatory environment rating (1=low to 6=high),IQ.CPA.BREG.XQ,"Congo, Rep.",COG,..,..,..,..,..,2.5,2.5,2.5,2.5,2.5,2.5,2.5,2.5,2.5,2.5,2.5,2.5,2,2,2,2
CPIA business regulatory environment rating (1=low to 6=high),IQ.CPA.BREG.XQ,Costa Rica,CRI,..,..,..,..,..,..,..,..,..,..,..,..,..,..,..,..,..,..,..,..,..
CPIA business regulatory environment rating (1=low to 6=high),IQ.CPA.BREG.XQ,Cote d'Ivoire,CIV,..,..,..,..,..,3,3,3,3,3,3,3,3,3,3,3,3,3,3.5,3,3.5
CPIA business regulatory environment rating (1=low to 6=high),IQ.CPA.BREG.XQ,Croatia,HRV,..,..,..,..,..,..,..,..,..,..,..,..,..,..,..,..,..,..,..,..,..
CPIA business regulatory environment rating (1=low to 6=high),IQ.CPA.BREG.XQ,Cuba,CUB,..,..,..,..,..,..,..,..,..,..,..,..,..,..,..,..,..,..,..,..,..
CPIA business regulatory environment rating (1=low to 6=high),IQ.CPA.BREG.XQ,Curacao,CUW,..,..,..,..,..,..,..,..,..,..,..,..,..,..,..,..,..,..,..,..,..
CPIA business regulatory environment rating (1=low to 6=high),IQ.CPA.BREG.XQ,Cyprus,CYP,..,..,..,..,..,..,..,..,..,..,..,..,..,..,..,..,..,..,..,..,..
CPIA business regulatory environment rating (1=low to 6=high),IQ.CPA.BREG.XQ,Czechia,CZE,..,..,..,..,..,..,..,..,..,..,..,..,..,..,..,..,..,..,..,..,..
CPIA business regulatory environment rating (1=low to 6=high),IQ.CPA.BREG.XQ,Denmark,DNK,..,..,..,..,..,..,..,..,..,..,..,..,..,..,..,..,..,..,..,..,..
CPIA business regulatory environment rating (1=low to 6=high),IQ.CPA.BREG.XQ,Djibouti,DJI,..,..,..,..,..,3,3,3.5,3.5,3.5,3.5,3.5,3.5,3.5,3.5,2.5,2.5,2.5,3,3,3
CPIA business regulatory environment rating (1=low to 6=high),IQ.CPA.BREG.XQ,Dominica,DMA,..,..,..,..,..,4.5,4.5,4.5,4.5,4.5,4.5,4,4,4,4,4,4,3.5,3.5,3.5,3.5
CPIA business regulatory environment rating (1=low to 6=high),IQ.CPA.BREG.XQ,Dominican Republic,DOM,..,..,..,..,..,..,..,..,..,..,..,..,..,..,..,..,..,..,..,..,..
CPIA business regulatory environment rating (1=low to 6=high),IQ.CPA.BREG.XQ,Ecuador,ECU,..,..,..,..,..,..,..,..,..,..,..,..,..,..,..,..,..,..,..,..,..
CPIA business regulatory environment rating (1=low to 6=high),IQ.CPA.BREG.XQ,"Egypt, Arab Rep.",EGY,..,..,..,..,..,..,..,..,..,..,..,..,..,..,..,..,..,..,..,..,..
CPIA business regulatory environment rating (1=low to 6=high),IQ.CPA.BREG.XQ,El Salvador,SLV,..,..,..,..,..,..,..,..,..,..,..,..,..,..,..,..,..,..,..,..,..
CPIA business regulatory environment rating (1=low to 6=high),IQ.CPA.BREG.XQ,Equatorial Guinea,GNQ,..,..,..,..,..,..,..,..,..,..,..,..,..,..,..,..,..,..,..,..,..
CPIA business regulatory environment rating (1=low to 6=high),IQ.CPA.BREG.XQ,Eritrea,ERI,..,..,..,..,..,2,2,2,2,2,2,2,2,1.5,1.5,1.5,1,1,1,1,1
CPIA business regulatory environment rating (1=low to 6=high),IQ.CPA.BREG.XQ,Estonia,EST,..,..,..,..,..,..,..,..,..,..,..,..,..,..,..,..,..,..,..,..,..
CPIA business regulatory environment rating (1=low to 6=high),IQ.CPA.BREG.XQ,Eswatini,SWZ,..,..,..,..,..,..,..,..,..,..,..,..,..,..,..,..,..,..,..,..,..
CPIA business regulatory environment rating (1=low to 6=high),IQ.CPA.BREG.XQ,Ethiopia,ETH,..,..,..,..,..,3.5,3.5,3.5,3.5,3.5,3.5,3.5,3.5,3.5,3.5,3.5,3,3,3,3.5,3.5
CPIA business regulatory environment rating (1=low to 6=high),IQ.CPA.BREG.XQ,Faroe Islands,FRO,..,..,..,..,..,..,..,..,..,..,..,..,..,..,..,..,..,..,..,..,..
CPIA business regulatory environment rating (1=low to 6=high),IQ.CPA.BREG.XQ,Fiji,FJI,..,..,..,..,..,..,..,..,..,..,..,..,..,..,..,..,..,..,..,..,3
CPIA business regulatory environment rating (1=low to 6=high),IQ.CPA.BREG.XQ,Finland,FIN,..,..,..,..,..,..,..,..,..,..,..,..,..,..,..,..,..,..,..,..,..
CPIA business regulatory environment rating (1=low to 6=high),IQ.CPA.BREG.XQ,France,FRA,..,..,..,..,..,..,..,..,..,..,..,..,..,..,..,..,..,..,..,..,..
CPIA business regulatory environment rating (1=low to 6=high),IQ.CPA.BREG.XQ,French Polynesia,PYF,..,..,..,..,..,..,..,..,..,..,..,..,..,..,..,..,..,..,..,..,..
CPIA business regulatory environment rating (1=low to 6=high),IQ.CPA.BREG.XQ,Gabon,GAB,..,..,..,..,..,..,..,..,..,..,..,..,..,..,..,..,..,..,..,..,..
CPIA business regulatory environment rating (1=low to 6=high),IQ.CPA.BREG.XQ,"Gambia, The",GMB,..,..,..,..,..,3,3,3.5,3.5,3.5,3.5,3.5,3.5,3.5,3.5,3.5,3.5,3.5,3,3,3
CPIA business regulatory environment rating (1=low to 6=high),IQ.CPA.BREG.XQ,Georgia,GEO,..,..,..,..,..,4,4.5,5,5.5,5.5,5.5,5.5,5.5,5.5,..,..,..,..,..,..,..
CPIA business regulatory environment rating (1=low to 6=high),IQ.CPA.BREG.XQ,Germany,DEU,..,..,..,..,..,..,..,..,..,..,..,..,..,..,..,..,..,..,..,..,..
CPIA business regulatory environment rating (1=low to 6=high),IQ.CPA.BREG.XQ,Ghana,GHA,..,..,..,..,..,4,4,4,4,4,4.5,4.5,4.5,4.5,4,4,4,3.5,3.5,3.5,3.5
CPIA business regulatory environment rating (1=low to 6=high),IQ.CPA.BREG.XQ,Gibraltar,GIB,..,..,..,..,..,..,..,..,..,..,..,..,..,..,..,..,..,..,..,..,..
CPIA business regulatory environment rating (1=low to 6=high),IQ.CPA.BREG.XQ,Greece,GRC,..,..,..,..,..,..,..,..,..,..,..,..,..,..,..,..,..,..,..,..,..
CPIA business regulatory environment rating (1=low to 6=high),IQ.CPA.BREG.XQ,Greenland,GRL,..,..,..,..,..,..,..,..,..,..,..,..,..,..,..,..,..,..,..,..,..
CPIA business regulatory environment rating (1=low to 6=high),IQ.CPA.BREG.XQ,Grenada,GRD,..,..,..,..,..,4.5,4.5,4.5,4,4,4.5,4,4,4,4,4,4,3.5,3,3,3
CPIA business regulatory environment rating (1=low to 6=high),IQ.CPA.BREG.XQ,Guam,GUM,..,..,..,..,..,..,..,..,..,..,..,..,..,..,..,..,..,..,..,..,..
CPIA business regulatory environment rating (1=low to 6=high),IQ.CPA.BREG.XQ,Guatemala,GTM,..,..,..,..,..,..,..,..,..,..,..,..,..,..,..,..,..,..,..,..,..
CPIA business regulatory environment rating (1=low to 6=high),IQ.CPA.BREG.XQ,Guinea,GIN,..,..,..,..,..,3,3,3,3,3,2.5,2.5,2.5,2.5,3,3,3,3,3,3,3
CPIA business regulatory environment rating (1=low to 6=high),IQ.CPA.BREG.XQ,Guinea-Bissau,GNB,..,..,..,..,..,3,2.5,2.5,2.5,2.5,2.5,2.5,2.5,2.5,2.5,2.5,2.5,2.5,2.5,2.5,2.5
CPIA business regulatory environment rating (1=low to 6=high),IQ.CPA.BREG.XQ,Guyana,GUY,..,..,..,..,..,3,3,3,3,3,3,3,3,3,3,3,3,3,2.5,2.5,2.5
CPIA business regulatory environment rating (1=low to 6=high),IQ.CPA.BREG.XQ,Haiti,HTI,..,..,..,..,..,2.5,2.5,2.5,2.5,2.5,2.5,2.5,2.5,2.5,2.5,2,2,1.5,1.5,2,2
CPIA business regulatory environment rating (1=low to 6=high),IQ.CPA.BREG.XQ,Honduras,HND,..,..,..,..,..,4,4,4.5,4,3.5,3.5,3.5,3,3,3,3,3,3,2.5,2.5,2.5
CPIA business regulatory environment rating (1=low to 6=high),IQ.CPA.BREG.XQ,"Hong Kong SAR, China",HKG,..,..,..,..,..,..,..,..,..,..,..,..,..,..,..,..,..,..,..,..,..
CPIA business regulatory environment rating (1=low to 6=high),IQ.CPA.BREG.XQ,Hungary,HUN,..,..,..,..,..,..,..,..,..,..,..,..,..,..,..,..,..,..,..,..,..
CPIA business regulatory environment rating (1=low to 6=high),IQ.CPA.BREG.XQ,Iceland,ISL,..,..,..,..,..,..,..,..,..,..,..,..,..,..,..,..,..,..,..,..,..
CPIA business regulatory environment rating (1=low to 6=high),IQ.CPA.BREG.XQ,India,IND,..,..,..,..,..,3.5,3.5,3.5,3.5,3.5,3.5,3,3,3,..,..,..,..,..,..,..
CPIA business regulatory environment rating (1=low to 6=high),IQ.CPA.BREG.XQ,Indonesia,IDN,..,..,..,..,..,3,3,..,..,..,..,..,..,..,..,..,..,..,..,..,..
CPIA business regulatory environment rating (1=low to 6=high),IQ.CPA.BREG.XQ,"Iran, Islamic Rep.",IRN,..,..,..,..,..,..,..,..,..,..,..,..,..,..,..,..,..,..,..,..,..
CPIA business regulatory environment rating (1=low to 6=high),IQ.CPA.BREG.XQ,Iraq,IRQ,..,..,..,..,..,..,..,..,..,..,..,..,..,..,..,..,..,..,..,..,..
CPIA business regulatory environment rating (1=low to 6=high),IQ.CPA.BREG.XQ,Ireland,IRL,..,..,..,..,..,..,..,..,..,..,..,..,..,..,..,..,..,..,..,..,..
CPIA business regulatory environment rating (1=low to 6=high),IQ.CPA.BREG.XQ,Isle of Man,IMN,..,..,..,..,..,..,..,..,..,..,..,..,..,..,..,..,..,..,..,..,..
CPIA business regulatory environment rating (1=low to 6=high),IQ.CPA.BREG.XQ,Israel,ISR,..,..,..,..,..,..,..,..,..,..,..,..,..,..,..,..,..,..,..,..,..
CPIA business regulatory environment rating (1=low to 6=high),IQ.CPA.BREG.XQ,Italy,ITA,..,..,..,..,..,..,..,..,..,..,..,..,..,..,..,..,..,..,..,..,..
CPIA business regulatory environment rating (1=low to 6=high),IQ.CPA.BREG.XQ,Jamaica,JAM,..,..,..,..,..,..,..,..,..,..,..,..,..,..,..,..,..,..,..,..,..
CPIA business regulatory environment rating (1=low to 6=high),IQ.CPA.BREG.XQ,Japan,JPN,..,..,..,..,..,..,..,..,..,..,..,..,..,..,..,..,..,..,..,..,..
CPIA business regulatory environment rating (1=low to 6=high),IQ.CPA.BREG.XQ,Jordan,JOR,..,..,..,..,..,..,..,..,..,..,..,..,..,..,..,..,..,..,..,..,..
CPIA business regulatory environment rating (1=low to 6=high),IQ.CPA.BREG.XQ,Kazakhstan,KAZ,..,..,..,..,..,..,..,..,..,..,..,..,..,..,..,..,..,..,..,..,..
CPIA business regulatory environment rating (1=low to 6=high),IQ.CPA.BREG.XQ,Kenya,KEN,..,..,..,..,..,4,4,4,4,4,4,4,3.5,3.5,3.5,3.5,3.5,4,3.5,4,4
CPIA business regulatory environment rating (1=low to 6=high),IQ.CPA.BREG.XQ,Kiribati,KIR,..,..,..,..,..,3,3,3,3,3,3,2.5,2.5,2.5,2.5,2.5,2.5,2.5,2.5,2.5,2.5
CPIA business regulatory environment rating (1=low to 6=high),IQ.CPA.BREG.XQ,"Korea, Dem. People's Rep.",PRK,..,..,..,..,..,..,..,..,..,..,..,..,..,..,..,..,..,..,..,..,..
CPIA business regulatory environment rating (1=low to 6=high),IQ.CPA.BREG.XQ,"Korea, Rep.",KOR,..,..,..,..,..,..,..,..,..,..,..,..,..,..,..,..,..,..,..,..,..
CPIA business regulatory environment rating (1=low to 6=high),IQ.CPA.BREG.XQ,Kosovo,XKX,..,..,..,..,..,..,..,..,..,3.5,3.5,3.5,3.5,3.5,3.5,3.5,4,4,4,4,4
CPIA business regulatory environment rating (1=low to 6=high),IQ.CPA.BREG.XQ,Kuwait,KWT,..,..,..,..,..,..,..,..,..,..,..,..,..,..,..,..,..,..,..,..,..
CPIA business regulatory environment rating (1=low to 6=high),IQ.CPA.BREG.XQ,Kyrgyz Republic,KGZ,..,..,..,..,..,3.5,3.5,3.5,4,3.5,3.5,3.5,3.5,3.5,3.5,4,4,4,3.5,3,3
CPIA business regulatory environment rating (1=low to 6=high),IQ.CPA.BREG.XQ,Lao PDR,LAO,..,..,..,..,..,3,3,3,3,3,3,3.5,3.5,3.5,3.5,3.5,3.5,3,3,3,3
CPIA business regulatory environment rating (1=low to 6=high),IQ.CPA.BREG.XQ,Latvia,LVA,..,..,..,..,..,..,..,..,..,..,..,..,..,..,..,..,..,..,..,..,..
CPIA business regulatory environment rating (1=low to 6=high),IQ.CPA.BREG.XQ,Lebanon,LBN,..,..,..,..,..,..,..,..,..,..,..,..,..,..,..,..,..,..,..,..,..
CPIA business regulatory environment rating (1=low to 6=high),IQ.CPA.BREG.XQ,Lesotho,LSO,..,..,..,..,..,3,3,3,3,3,3,3,3.5,3.5,3,3,3.5,3.5,3.5,3.5,3.5
CPIA business regulatory environment rating (1=low to 6=high),IQ.CPA.BREG.XQ,Liberia,LBR,..,..,..,..,..,..,..,..,..,3,3,3,3,3,3,3,3,3,2.5,2.5,2.5
CPIA business regulatory environment rating (1=low to 6=high),IQ.CPA.BREG.XQ,Libya,LBY,..,..,..,..,..,..,..,..,..,..,..,..,..,..,..,..,..,..,..,..,..
CPIA business regulatory environment rating (1=low to 6=high),IQ.CPA.BREG.XQ,Liechtenstein,LIE,..,..,..,..,..,..,..,..,..,..,..,..,..,..,..,..,..,..,..,..,..
CPIA business regulatory environment rating (1=low to 6=high),IQ.CPA.BREG.XQ,Lithuania,LTU,..,..,..,..,..,..,..,..,..,..,..,..,..,..,..,..,..,..,..,..,..
CPIA business regulatory environment rating (1=low to 6=high),IQ.CPA.BREG.XQ,Luxembourg,LUX,..,..,..,..,..,..,..,..,..,..,..,..,..,..,..,..,..,..,..,..,..
CPIA business regulatory environment rating (1=low to 6=high),IQ.CPA.BREG.XQ,"Macao SAR, China",MAC,..,..,..,..,..,..,..,..,..,..,..,..,..,..,..,..,..,..,..,..,..
CPIA business regulatory environment rating (1=low to 6=high),IQ.CPA.BREG.XQ,Madagascar,MDG,..,..,..,..,..,4,4,4,3.5,3.5,3,3,3,3,3,2.5,3,3,3,3,3
CPIA business regulatory environment rating (1=low to 6=high),IQ.CPA.BREG.XQ,Malawi,MWI,..,..,..,..,..,3.5,3.5,3.5,3.5,3.5,3,3,3,2.5,3,3,3,3,3,3,3
CPIA business regulatory environment rating (1=low to 6=high),IQ.CPA.BREG.XQ,Malaysia,MYS,..,..,..,..,..,..,..,..,..,..,..,..,..,..,..,..,..,..,..,..,..
CPIA business regulatory environment rating (1=low to 6=high),IQ.CPA.BREG.XQ,Maldives,MDV,..,..,..,..,..,4,4,4,4,4,4,4,4,4,4,3.5,3.5,3.5,3.5,3.5,3.5
CPIA business regulatory environment rating (1=low to 6=high),IQ.CPA.BREG.XQ,Mali,MLI,..,..,..,..,..,3.5,3.5,3.5,3.5,3.5,3.5,3.5,3.5,3.5,3.5,3.5,3.5,3.5,3.5,3,3
CPIA business regulatory environment rating (1=low to 6=high),IQ.CPA.BREG.XQ,Malta,MLT,..,..,..,..,..,..,..,..,..,..,..,..,..,..,..,..,..,..,..,..,..
CPIA business regulatory environment rating (1=low to 6=high),IQ.CPA.BREG.XQ,Marshall Islands,MHL,..,..,..,..,..,..,..,..,..,..,..,2.5,2.5,2.5,2.5,2.5,2.5,2.5,2.5,2.5,2.5
CPIA business regulatory environment rating (1=low to 6=high),IQ.CPA.BREG.XQ,Mauritania,MRT,..,..,..,..,..,3.5,3.5,3.5,3.5,3.5,3,3,3,3,3,3,3,3,3,3,3
CPIA business regulatory environment rating (1=low to 6=high),IQ.CPA.BREG.XQ,Mauritius,MUS,..,..,..,..,..,..,..,..,..,..,..,..,..,..,..,..,..,..,..,..,..
CPIA business regulatory environment rating (1=low to 6=high),IQ.CPA.BREG.XQ,Mexico,MEX,..,..,..,..,..,..,..,..,..,..,..,..,..,..,..,..,..,..,..,..,..
CPIA business regulatory environment rating (1=low to 6=high),IQ.CPA.BREG.XQ,"Micronesia, Fed. Sts.",FSM,..,..,..,..,..,..,..,..,..,..,..,2,2,2,2,2,2,2,2,2,2
CPIA business regulatory environment rating (1=low to 6=high),IQ.CPA.BREG.XQ,Moldova,MDA,..,..,..,..,..,4,3.5,3.5,3.5,3.5,3.5,3.5,3.5,3.5,3.5,3.5,3.5,4,4,4,..
CPIA business regulatory environment rating (1=low to 6=high),IQ.CPA.BREG.XQ,Monaco,MCO,..,..,..,..,..,..,..,..,..,..,..,..,..,..,..,..,..,..,..,..,..
CPIA business regulatory environment rating (1=low to 6=high),IQ.CPA.BREG.XQ,Mongolia,MNG,..,..,..,..,..,3.5,3.5,3.5,3.5,3.5,3.5,3.5,3.5,3.5,3.5,3.5,3.5,3.5,3.5,3.5,..
CPIA business regulatory environment rating (1=low to 6=high),IQ.CPA.BREG.XQ,Montenegro,MNE,..,..,..,..,..,..,..,..,..,..,..,..,..,..,..,..,..,..,..,..,..
CPIA business regulatory environment rating (1=low to 6=high),IQ.CPA.BREG.XQ,Morocco,MAR,..,..,..,..,..,..,..,..,..,..,..,..,..,..,..,..,..,..,..,..,..
CPIA business regulatory environment rating (1=low to 6=high),IQ.CPA.BREG.XQ,Mozambique,MOZ,..,..,..,..,..,3,3,3,3,3,3,3,3,3,3,3,3,3,3,3,3
CPIA business regulatory environment rating (1=low to 6=high),IQ.CPA.BREG.XQ,Myanmar,MMR,..,..,..,..,..,..,..,..,..,..,..,..,..,2.5,2.5,2.5,2.5,2.5,2.5,2.5,2.5
CPIA business regulatory environment rating (1=low to 6=high),IQ.CPA.BREG.XQ,Namibia,NAM,..,..,..,..,..,..,..,..,..,..,..,..,..,..,..,..,..,..,..,..,..
CPIA business regulatory environment rating (1=low to 6=high),IQ.CPA.BREG.XQ,Nauru,NRU,..,..,..,..,..,..,..,..,..,..,..,..,..,..,..,..,..,..,..,..,..
CPIA business regulatory environment rating (1=low to 6=high),IQ.CPA.BREG.XQ,Nepal,NPL,..,..,..,..,..,3,3,3,3,3,3,3,3,3.5,3.5,3.5,3.5,3.5,3.5,3.5,3.5
CPIA business regulatory environment rating (1=low to 6=high),IQ.CPA.BREG.XQ,Netherlands,NLD,..,..,..,..,..,..,..,..,..,..,..,..,..,..,..,..,..,..,..,..,..
CPIA business regulatory environment rating (1=low to 6=high),IQ.CPA.BREG.XQ,New Caledonia,NCL,..,..,..,..,..,..,..,..,..,..,..,..,..,..,..,..,..,..,..,..,..
CPIA business regulatory environment rating (1=low to 6=high),IQ.CPA.BREG.XQ,New Zealand,NZL,..,..,..,..,..,..,..,..,..,..,..,..,..,..,..,..,..,..,..,..,..
CPIA business regulatory environment rating (1=low to 6=high),IQ.CPA.BREG.XQ,Nicaragua,NIC,..,..,..,..,..,3.5,3.5,3.5,3.5,3.5,3.5,3.5,3.5,3.5,3.5,3.5,3.5,3,3,2.5,2.5
CPIA business regulatory environment rating (1=low to 6=high),IQ.CPA.BREG.XQ,Niger,NER,..,..,..,..,..,3.5,3,3,3,3,3,3,3,3,3,3.5,3.5,3.5,3.5,3.5,3.5
CPIA business regulatory environment rating (1=low to 6=high),IQ.CPA.BREG.XQ,Nigeria,NGA,..,..,..,..,..,3,3,3,3,3.5,3.5,3.5,3.5,3.5,3.5,3.5,3.5,3.5,3,3.5,3.5
CPIA business regulatory environment rating (1=low to 6=high),IQ.CPA.BREG.XQ,North Macedonia,MKD,..,..,..,..,..,..,..,..,..,..,..,..,..,..,..,..,..,..,..,..,..
CPIA business regulatory environment rating (1=low to 6=high),IQ.CPA.BREG.XQ,Northern Mariana Islands,MNP,..,..,..,..,..,..,..,..,..,..,..,..,..,..,..,..,..,..,..,..,..
CPIA business regulatory environment rating (1=low to 6=high),IQ.CPA.BREG.XQ,Norway,NOR,..,..,..,..,..,..,..,..,..,..,..,..,..,..,..,..,..,..,..,..,..
CPIA business regulatory environment rating (1=low to 6=high),IQ.CPA.BREG.XQ,Oman,OMN,..,..,..,..,..,..,..,..,..,..,..,..,..,..,..,..,..,..,..,..,..
CPIA business regulatory environment rating (1=low to 6=high),IQ.CPA.BREG.XQ,Pakistan,PAK,..,..,..,..,..,4,4,4,4,4,3.5,3,3,3,3,3,3.5,3.5,3.5,3.5,3.5
CPIA business regulatory environment rating (1=low to 6=high),IQ.CPA.BREG.XQ,Palau,PLW,..,..,..,..,..,..,..,..,..,..,..,..,..,..,..,..,..,..,..,..,..
CPIA business regulatory environment rating (1=low to 6=high),IQ.CPA.BREG.XQ,Panama,PAN,..,..,..,..,..,..,..,..,..,..,..,..,..,..,..,..,..,..,..,..,..
CPIA business regulatory environment rating (1=low to 6=high),IQ.CPA.BREG.XQ,Papua New Guinea,PNG,..,..,..,..,..,3,3,3,3,3,3,3,3,3,3,3,3,3,3,3,3
CPIA business regulatory environment rating (1=low to 6=high),IQ.CPA.BREG.XQ,Paraguay,PRY,..,..,..,..,..,..,..,..,..,..,..,..,..,..,..,..,..,..,..,..,..
CPIA business regulatory environment rating (1=low to 6=high),IQ.CPA.BREG.XQ,Peru,PER,..,..,..,..,..,..,..,..,..,..,..,..,..,..,..,..,..,..,..,..,..
CPIA business regulatory environment rating (1=low to 6=high),IQ.CPA.BREG.XQ,Philippines,PHL,..,..,..,..,..,..,..,..,..,..,..,..,..,..,..,..,..,..,..,..,..
CPIA business regulatory environment rating (1=low to 6=high),IQ.CPA.BREG.XQ,Poland,POL,..,..,..,..,..,..,..,..,..,..,..,..,..,..,..,..,..,..,..,..,..
CPIA business regulatory environment rating (1=low to 6=high),IQ.CPA.BREG.XQ,Portugal,PRT,..,..,..,..,..,..,..,..,..,..,..,..,..,..,..,..,..,..,..,..,..
CPIA business regulatory environment rating (1=low to 6=high),IQ.CPA.BREG.XQ,Puerto Rico (US),PRI,..,..,..,..,..,..,..,..,..,..,..,..,..,..,..,..,..,..,..,..,..
CPIA business regulatory environment rating (1=low to 6=high),IQ.CPA.BREG.XQ,Qatar,QAT,..,..,..,..,..,..,..,..,..,..,..,..,..,..,..,..,..,..,..,..,..
CPIA business regulatory environment rating (1=low to 6=high),IQ.CPA.BREG.XQ,Romania,ROU,..,..,..,..,..,..,..,..,..,..,..,..,..,..,..,..,..,..,..,..,..
CPIA business regulatory environment rating (1=low to 6=high),IQ.CPA.BREG.XQ,Russian Federation,RUS,..,..,..,..,..,..,..,..,..,..,..,..,..,..,..,..,..,..,..,..,..
CPIA business regulatory environment rating (1=low to 6=high),IQ.CPA.BREG.XQ,Rwanda,RWA,..,..,..,..,..,3.5,3.5,3.5,3.5,4,4,4,4,4.5,4.5,4.5,4.5,4.5,4.5,4.5,4.5
CPIA business regulatory environment rating (1=low to 6=high),IQ.CPA.BREG.XQ,Samoa,WSM,..,..,..,..,..,4,3.5,3.5,3.5,3.5,3.5,3.5,3.5,3.5,3.5,3.5,3.5,3.5,3.5,3.5,3.5
CPIA business regulatory environment rating (1=low to 6=high),IQ.CPA.BREG.XQ,San Marino,SMR,..,..,..,..,..,..,..,..,..,..,..,..,..,..,..,..,..,..,..,..,..
CPIA business regulatory environment rating (1=low to 6=high),IQ.CPA.BREG.XQ,Sao Tome and Principe,STP,..,..,..,..,..,3,3,3,3,2.5,2.5,3,3,3,3,3,3,3,3,3,3
CPIA business regulatory environment rating (1=low to 6=high),IQ.CPA.BREG.XQ,Saudi Arabia,SAU,..,..,..,..,..,..,..,..,..,..,..,..,..,..,..,..,..,..,..,..,..
CPIA business regulatory environment rating (1=low to 6=high),IQ.CPA.BREG.XQ,Senegal,SEN,..,..,..,..,..,3.5,3.5,4,4,4,4,4,4,4,4,4,3.5,3.5,3,3.5,3.5
CPIA business regulatory environment rating (1=low to 6=high),IQ.CPA.BREG.XQ,Serbia,SRB,..,..,..,..,..,3.5,2.5,..,..,..,..,..,..,..,..,..,..,..,..,..,..
CPIA business regulatory environment rating (1=low to 6=high),IQ.CPA.BREG.XQ,Seychelles,SYC,..,..,..,..,..,..,..,..,..,..,..,..,..,..,..,..,..,..,..,..,..
CPIA business regulatory environment rating (1=low to 6=high),IQ.CPA.BREG.XQ,Sierra Leone,SLE,..,..,..,..,..,2.5,2.5,2.5,3,3,3,3,3,3,3,3,3,3,3,3,3
CPIA business regulatory environment rating (1=low to 6=high),IQ.CPA.BREG.XQ,Singapore,SGP,..,..,..,..,..,..,..,..,..,..,..,..,..,..,..,..,..,..,..,..,..
CPIA business regulatory environment rating (1=low to 6=high),IQ.CPA.BREG.XQ,Sint Maarten (Dutch part),SXM,..,..,..,..,..,..,..,..,..,..,..,..,..,..,..,..,..,..,..,..,..
CPIA business regulatory environment rating (1=low to 6=high),IQ.CPA.BREG.XQ,Slovak Republic,SVK,..,..,..,..,..,..,..,..,..,..,..,..,..,..,..,..,..,..,..,..,..
CPIA business regulatory environment rating (1=low to 6=high),IQ.CPA.BREG.XQ,Slovenia,SVN,..,..,..,..,..,..,..,..,..,..,..,..,..,..,..,..,..,..,..,..,..
CPIA business regulatory environment rating (1=low to 6=high),IQ.CPA.BREG.XQ,Solomon Islands,SLB,..,..,..,..,..,2.5,2.5,2.5,3,2.5,2.5,3,3,3,3,3,3,3,3,3,3
CPIA business regulatory environment rating (1=low to 6=high),IQ.CPA.BREG.XQ,"Somalia, Fed. Rep.",SOM,..,..,..,..,..,..,..,..,..,..,..,..,..,..,..,..,..,1.5,..,1,1
CPIA business regulatory environment rating (1=low to 6=high),IQ.CPA.BREG.XQ,South Africa,ZAF,..,..,..,..,..,..,..,..,..,..,..,..,..,..,..,..,..,..,..,..,..
CPIA business regulatory environment rating (1=low to 6=high),IQ.CPA.BREG.XQ,South Sudan,SSD,..,..,..,..,..,..,..,..,..,..,..,..,2.5,2.5,2,2,2,2,2,1.5,1.5
CPIA business regulatory environment rating (1=low to 6=high),IQ.CPA.BREG.XQ,Spain,ESP,..,..,..,..,..,..,..,..,..,..,..,..,..,..,..,..,..,..,..,..,..
CPIA business regulatory environment rating (1=low to 6=high),IQ.CPA.BREG.XQ,Sri Lanka,LKA,..,..,..,..,..,4,4,4,4,4,4,4,4,4,4,4,..,..,..,4,..
CPIA business regulatory environment rating (1=low to 6=high),IQ.CPA.BREG.XQ,St. Kitts and Nevis,KNA,..,..,..,..,..,..,..,..,..,..,..,..,..,..,..,..,..,..,..,..,..
CPIA business regulatory environment rating (1=low to 6=high),IQ.CPA.BREG.XQ,St. Lucia,LCA,..,..,..,..,..,4.5,4.5,4.5,4.5,4.5,4.5,4.5,4.5,4.5,4.5,4.5,4.5,4,4,3.5,3.5
CPIA business regulatory environment rating (1=low to 6=high),IQ.CPA.BREG.XQ,St. Martin (French part),MAF,..,..,..,..,..,..,..,..,..,..,..,..,..,..,..,..,..,..,..,..,..
CPIA business regulatory environment rating (1=low to 6=high),IQ.CPA.BREG.XQ,St. Vincent and the Grenadines,VCT,..,..,..,..,..,4.5,4.5,4.5,4.5,4.5,4.5,4,4,4,4,4,4,4,4,3.5,3.5
CPIA business regulatory environment rating (1=low to 6=high),IQ.CPA.BREG.XQ,Sudan,SDN,..,..,..,..,..,3,3,3,3,3,2.5,2.5,2.5,3,3,3,3,3,3,2.5,2.5
CPIA business regulatory environment rating (1=low to 6=high),IQ.CPA.BREG.XQ,Suriname,SUR,..,..,..,..,..,..,..,..,..,..,..,..,..,..,..,..,..,..,..,..,..
CPIA business regulatory environment rating (1=low to 6=high),IQ.CPA.BREG.XQ,Sweden,SWE,..,..,..,..,..,..,..,..,..,..,..,..,..,..,..,..,..,..,..,..,..
CPIA business regulatory environment rating (1=low to 6=high),IQ.CPA.BREG.XQ,Switzerland,CHE,..,..,..,..,..,..,..,..,..,..,..,..,..,..,..,..,..,..,..,..,..
CPIA business regulatory environment rating (1=low to 6=high),IQ.CPA.BREG.XQ,Syrian Arab Republic,SYR,..,..,..,..,..,..,..,..,..,..,..,..,..,..,..,..,..,..,..,..,..
CPIA business regulatory environment rating (1=low to 6=high),IQ.CPA.BREG.XQ,Tajikistan,TJK,..,..,..,..,..,3.5,3.5,3.5,3,3,3,3.5,3.5,3,3,3,3,3.5,3,3,3
CPIA business regulatory environment rating (1=low to 6=high),IQ.CPA.BREG.XQ,Tanzania,TZA,..,..,..,..,..,3.5,3.5,3.5,3.5,3.5,3.5,3.5,3.5,3.5,3.5,3.5,3.5,3,3,3,3
CPIA business regulatory environment rating (1=low to 6=high),IQ.CPA.BREG.XQ,Thailand,THA,..,..,..,..,..,..,..,..,..,..,..,..,..,..,..,..,..,..,..,..,..
CPIA business regulatory environment rating (1=low to 6=high),IQ.CPA.BREG.XQ,Timor-Leste,TLS,..,..,..,..,..,..,1.5,1.5,1.5,1.5,1.5,1.5,1.5,2,2,2,2,2,2,2,2
CPIA business regulatory environment rating (1=low to 6=high),IQ.CPA.BREG.XQ,Togo,TGO,..,..,..,..,..,3,3,3,3,3,3,2.5,3,3,3,3,3,3,3.5,3.5,3.5
CPIA business regulatory environment rating (1=low to 6=high),IQ.CPA.BREG.XQ,Tonga,TON,..,..,..,..,..,3,3,3,3,3,3,3,3,3,3,3,3,3,3,2.5,2.5
CPIA business regulatory environment rating (1=low to 6=high),IQ.CPA.BREG.XQ,Trinidad and Tobago,TTO,..,..,..,..,..,..,..,..,..,..,..,..,..,..,..,..,..,..,..,..,..
CPIA business regulatory environment rating (1=low to 6=high),IQ.CPA.BREG.XQ,Tunisia,TUN,..,..,..,..,..,..,..,..,..,..,..,..,..,..,..,..,..,..,..,..,..
CPIA business regulatory environment rating (1=low to 6=high),IQ.CPA.BREG.XQ,Turkiye,TUR,..,..,..,..,..,..,..,..,..,..,..,..,..,..,..,..,..,..,..,..,..
CPIA business regulatory environment rating (1=low to 6=high),IQ.CPA.BREG.XQ,Turkmenistan,TKM,..,..,..,..,..,..,..,..,..,..,..,..,..,..,..,..,..,..,..,..,..
CPIA business regulatory environment rating (1=low to 6=high),IQ.CPA.BREG.XQ,Turks and Caicos Islands,TCA,..,..,..,..,..,..,..,..,..,..,..,..,..,..,..,..,..,..,..,..,..
CPIA business regulatory environment rating (1=low to 6=high),IQ.CPA.BREG.XQ,Tuvalu,TUV,..,..,..,..,..,..,..,..,..,..,..,..,2.5,2.5,2.5,2.5,2.5,2.5,2.5,2.5,2.5
CPIA business regulatory environment rating (1=low to 6=high),IQ.CPA.BREG.XQ,Uganda,UGA,..,..,..,..,..,4,4,4,4,4,4,4,4,4,4,4,4,3.5,3.5,3,3
CPIA business regulatory environment rating (1=low to 6=high),IQ.CPA.BREG.XQ,Ukraine,UKR,..,..,..,..,..,..,..,..,..,..,..,..,..,..,..,..,..,..,..,..,..
CPIA business regulatory environment rating (1=low to 6=high),IQ.CPA.BREG.XQ,United Arab Emirates,ARE,..,..,..,..,..,..,..,..,..,..,..,..,..,..,..,..,..,..,..,..,..
CPIA business regulatory environment rating (1=low to 6=high),IQ.CPA.BREG.XQ,United Kingdom,GBR,..,..,..,..,..,..,..,..,..,..,..,..,..,..,..,..,..,..,..,..,..
CPIA business regulatory environment rating (1=low to 6=high),IQ.CPA.BREG.XQ,United States,USA,..,..,..,..,..,..,..,..,..,..,..,..,..,..,..,..,..,..,..,..,..
CPIA business regulatory environment rating (1=low to 6=high),IQ.CPA.BREG.XQ,Uruguay,URY,..,..,..,..,..,..,..,..,..,..,..,..,..,..,..,..,..,..,..,..,..
CPIA business regulatory environment rating (1=low to 6=high),IQ.CPA.BREG.XQ,Uzbekistan,UZB,..,..,..,..,..,2.5,2.5,3,3,3,3,3,3,3,3,3,3,3.5,3.5,3.5,3.5
CPIA business regulatory environment rating (1=low to 6=high),IQ.CPA.BREG.XQ,Vanuatu,VUT,..,..,..,..,..,3,3,3.5,3,3.5,3.5,3.5,3,3,3,3,3,3,3,3,3
CPIA business regulatory environment rating (1=low to 6=high),IQ.CPA.BREG.XQ,"Venezuela, RB",VEN,..,..,..,..,..,..,..,..,..,..,..,..,..,..,..,..,..,..,..,..,..
CPIA business regulatory environment rating (1=low to 6=high),IQ.CPA.BREG.XQ,Viet Nam,VNM,..,..,..,..,..,3.5,3.5,3.5,3.5,3.5,3.5,3.5,3.5,3.5,3.5,3.5,..,..,..,..,..
CPIA business regulatory environment rating (1=low to 6=high),IQ.CPA.BREG.XQ,Virgin Islands (U.S.),VIR,..,..,..,..,..,..,..,..,..,..,..,..,..,..,..,..,..,..,..,..,..
CPIA business regulatory environment rating (1=low to 6=high),IQ.CPA.BREG.XQ,West Bank and Gaza,PSE,..,..,..,..,..,..,..,..,..,..,..,..,..,..,..,..,..,..,..,..,..
CPIA business regulatory environment rating (1=low to 6=high),IQ.CPA.BREG.XQ,"Yemen, Rep.",YEM,..,..,..,..,..,3,3,3.5,3.5,3.5,3.5,3,3,3,3,2.5,2.5,2.5,2.5,2,2
CPIA business regulatory environment rating (1=low to 6=high),IQ.CPA.BREG.XQ,Zambia,ZMB,..,..,..,..,..,3,3,3.5,3.5,3,3.5,3.5,3.5,3.5,3.5,3.5,3.5,4,4,4,4
CPIA business regulatory environment rating (1=low to 6=high),IQ.CPA.BREG.XQ,Zimbabwe,ZWE,..,..,..,..,..,2,2,1.5,1.5,2,2,2,2,2,2,2,2,2.5,2.5,3,3
CPIA business regulatory environment rating (1=low to 6=high),IQ.CPA.BREG.XQ,Africa Eastern and Southern,AFE,..,..,..,..,..,3.05555555555556,3.05555555555556,3.05555555555556,2.97222222222222,2.97222222222222,2.91666666666667,3,2.97368421052632,3,3.02777777777778,3.02777777777778,3.02777777777778,2.97368421052632,3.02777777777778,2.92105263157895,2.92105263157895
CPIA business regulatory environment rating (1=low to 6=high),IQ.CPA.BREG.XQ,Africa Western and Central,AFW,..,..,..,..,..,3.18421052631579,3.05263157894737,3.07894736842105,3.13157894736842,3.15,3.1,3.075,3.125,3.125,3.125,3.15,3.1,3.075,3.025,3.025,3.05
CPIA business regulatory environment rating (1=low to 6=high),IQ.CPA.BREG.XQ,Arab World,ARB,..,..,..,..,..,3,3,3.2,3.2,3.2,3,2.9,2.9,3,3,2.8,2.8,2.58333333333333,2.9,2.41666666666667,2.41666666666667
CPIA business regulatory environment rating (1=low to 6=high),IQ.CPA.BREG.XQ,Caribbean small states,CSS,..,..,..,..,..,4.2,4.2,4.2,4.1,4.1,4.2,3.9,3.9,3.9,3.9,3.9,3.9,3.6,3.4,3.2,3.2
CPIA business regulatory environment rating (1=low to 6=high),IQ.CPA.BREG.XQ,Central Europe and the Baltics,CEB,..,..,..,..,..,..,..,..,..,..,..,..,..,..,..,..,..,..,..,..,..
CPIA business regulatory environment rating (1=low to 6=high),IQ.CPA.BREG.XQ,Early-demographic dividend,EAR,..,..,..,..,..,3.3,3.25,3.32758620689655,3.27586206896552,3.29310344827586,3.31034482758621,3.23333333333333,3.21666666666667,3.20967741935484,3.18333333333333,3.06666666666667,3.10344827586207,3.05172413793103,3.01724137931034,3.01724137931034,3.01724137931034
CPIA business regulatory environment rating (1=low to 6=high),IQ.CPA.BREG.XQ,East Asia & Pacific,EAS,..,..,..,..,..,3.18181818181818,3,3.04545454545455,3.04545454545455,3.04545454545455,3.04545454545455,2.96153846153846,2.89285714285714,2.9,2.9,2.86666666666667,2.82142857142857,2.75,2.75,2.71428571428571,2.67857142857143
CPIA business regulatory environment rating (1=low to 6=high),IQ.CPA.BREG.XQ,East Asia & Pacific (excluding high income),EAP,..,..,..,..,..,3.18181818181818,3,3.04545454545455,3.04545454545455,3.04545454545455,3.04545454545455,2.96153846153846,2.89285714285714,2.9,2.9,2.86666666666667,2.82142857142857,2.75,2.75,2.71428571428571,2.67857142857143
CPIA business regulatory environment rating (1=low to 6=high),IQ.CPA.BREG.XQ,East Asia & Pacific (IDA & IBRD countries),TEA,..,..,..,..,..,3.18181818181818,3,3.04545454545455,3.04545454545455,3.04545454545455,3.04545454545455,2.96153846153846,2.89285714285714,2.9,2.9,2.86666666666667,2.82142857142857,2.75,2.75,2.71428571428571,2.67857142857143
CPIA business regulatory environment rating (1=low to 6=high),IQ.CPA.BREG.XQ,Euro area,EMU,..,..,..,..,..,..,..,..,..,..,..,..,..,..,..,..,..,..,..,..,..
CPIA business regulatory environment rating (1=low to 6=high),IQ.CPA.BREG.XQ,Europe & Central Asia,ECS,..,..,..,..,..,3.55,3.45,3.75,3.875,3.77777777777778,3.77777777777778,3.75,3.75,3.75,3.3,3.4,3.5,3.8,3.6,3.5,3.375
CPIA business regulatory environment rating (1=low to 6=high),IQ.CPA.BREG.XQ,Europe & Central Asia (excluding high income),ECA,..,..,..,..,..,3.55,3.45,3.75,3.875,3.77777777777778,3.77777777777778,3.75,3.75,3.75,3.3,3.4,3.5,3.8,3.6,3.5,3.375
CPIA business regulatory environment rating (1=low to 6=high),IQ.CPA.BREG.XQ,Europe & Central Asia (IDA & IBRD countries),TEC,..,..,..,..,..,3.55,3.45,3.75,3.875,3.77777777777778,3.77777777777778,3.75,3.75,3.75,3.3,3.4,3.5,3.8,3.6,3.5,3.375
CPIA business regulatory environment rating (1=low to 6=high),IQ.CPA.BREG.XQ,European Union,EUU,..,..,..,..,..,..,..,..,..,..,..,..,..,..,..,..,..,..,..,..,..
CPIA business regulatory environment rating (1=low to 6=high),IQ.CPA.BREG.XQ,Fragile and conflict affected situations,FCS,..,..,..,..,..,2.84782608695652,2.72,2.7,2.7,2.73076923076923,2.69230769230769,2.69642857142857,2.7,2.7258064516129,2.70967741935484,2.70967741935484,2.69354838709677,2.625,2.64516129032258,2.59375,2.59375
CPIA business regulatory environment rating (1=low to 6=high),IQ.CPA.BREG.XQ,Heavily indebted poor countries (HIPC),HPC,..,..,..,..,..,3.15277777777778,3.06756756756757,3.10810810810811,3.08108108108108,3.05263157894737,3,3.02631578947368,3.03947368421053,3.05263157894737,3.06578947368421,3.06578947368421,3.04054054054054,2.93421052631579,2.93243243243243,2.85526315789474,2.86842105263158
CPIA business regulatory environment rating (1=low to 6=high),IQ.CPA.BREG.XQ,High income,HIC,..,..,..,..,..,3,3,3,3,3,3,3,3,3,3,3,3,3,2.5,2.5,2.5
CPIA business regulatory environment rating (1=low to 6=high),IQ.CPA.BREG.XQ,IBRD only,IBD,..,..,..,..,..,3.42307692307692,3.30769230769231,3.5,3.6,3.6,3.6,3.44444444444444,3.44444444444444,3.5,3.25,3.25,3.5,3.75,3.75,3.75,..
CPIA business regulatory environment rating (1=low to 6=high),IQ.CPA.BREG.XQ,IDA & IBRD total,IBT,..,..,..,..,..,3.30921052631579,3.21794871794872,3.28,3.27333333333333,3.26623376623377,3.24025974025974,3.18589743589744,3.16875,3.17901234567901,3.13815789473684,3.10526315789474,3.0958904109589,3.04054054054054,3.01369863013699,2.96666666666667,2.93835616438356
CPIA business regulatory environment rating (1=low to 6=high),IQ.CPA.BREG.XQ,IDA blend,IDB,..,..,..,..,..,3.53571428571429,3.33333333333333,3.33333333333333,3.3,3.36666666666667,3.36666666666667,3.23333333333333,3.2,3.23333333333333,3.23333333333333,3.23333333333333,3.26666666666667,3.23333333333333,3.16666666666667,3.16666666666667,3.1875
CPIA business regulatory environment rating (1=low to 6=high),IQ.CPA.BREG.XQ,IDA only,IDX,..,..,..,..,..,3.21428571428571,3.16,3.22,3.2,3.17307692307692,3.13461538461538,3.12962962962963,3.11607142857143,3.1140350877193,3.10526315789474,3.06140350877193,3.03571428571429,2.96491228070175,2.94642857142857,2.88793103448276,2.86842105263158
CPIA business regulatory environment rating (1=low to 6=high),IQ.CPA.BREG.XQ,IDA total,IDA,..,..,..,..,..,3.28571428571429,3.2,3.24615384615385,3.22307692307692,3.21641791044776,3.1865671641791,3.15217391304348,3.13380281690141,3.13888888888889,3.13194444444444,3.09722222222222,3.08450704225352,3.02083333333333,2.99295774647887,2.94520547945205,2.93835616438356
CPIA business regulatory environment rating (1=low to 6=high),IQ.CPA.BREG.XQ,Late-demographic dividend,LTE,..,..,..,..,..,3.76923076923077,3.69230769230769,3.86363636363636,4,3.95454545454545,3.95454545454545,3.9,3.9,3.95,3.6875,3.75,3.75,3.75,3.58333333333333,3.42857142857143,3.1
CPIA business regulatory environment rating (1=low to 6=high),IQ.CPA.BREG.XQ,Latin America & Caribbean,LCN,..,..,..,..,..,3.77777777777778,3.72222222222222,3.77777777777778,3.66666666666667,3.61111111111111,3.66666666666667,3.5,3.44444444444444,3.44444444444444,3.44444444444444,3.38888888888889,3.5,3.1875,3,2.875,2.875
CPIA business regulatory environment rating (1=low to 6=high),IQ.CPA.BREG.XQ,Latin America & Caribbean (excluding high income),LAC,..,..,..,..,..,3.875,3.8125,3.875,3.75,3.6875,3.75,3.5625,3.5,3.5,3.5,3.4375,3.57142857142857,3.21428571428571,3.07142857142857,2.92857142857143,2.92857142857143
CPIA business regulatory environment rating (1=low to 6=high),IQ.CPA.BREG.XQ,Latin America & the Caribbean (IDA & IBRD countries),TLA,..,..,..,..,..,3.77777777777778,3.72222222222222,3.77777777777778,3.66666666666667,3.61111111111111,3.66666666666667,3.5,3.44444444444444,3.44444444444444,3.44444444444444,3.38888888888889,3.5,3.1875,3,2.875,2.875
CPIA business regulatory environment rating (1=low to 6=high),IQ.CPA.BREG.XQ,Least developed countries: UN classification,LDC,..,..,..,..,..,3.06756756756757,2.97435897435897,3.02564102564103,3.02564102564103,3.0125,2.95,2.9625,2.97619047619048,3,3.02380952380952,2.96428571428571,2.94047619047619,2.86046511627907,2.88095238095238,2.81395348837209,2.81395348837209
CPIA business regulatory environment rating (1=low to 6=high),IQ.CPA.BREG.XQ,Low & middle income,LMY,..,..,..,..,..,3.31081081081081,3.21710526315789,3.28082191780822,3.27397260273973,3.26666666666667,3.24,3.18421052631579,3.16666666666667,3.17721518987342,3.13513513513514,3.10135135135135,3.09859154929577,3.04166666666667,3.02112676056338,2.96575342465753,2.93661971830986
CPIA business regulatory environment rating (1=low to 6=high),IQ.CPA.BREG.XQ,Low income,LIC,..,..,..,..,..,3.05263157894737,2.975,3,2.975,3,2.9047619047619,2.9047619047619,2.93181818181818,2.95454545454545,2.95454545454545,2.93181818181818,2.93181818181818,2.82608695652174,2.86363636363636,2.67391304347826,2.67391304347826
CPIA business regulatory environment rating (1=low to 6=high),IQ.CPA.BREG.XQ,Lower middle income,LMC,..,..,..,..,..,3.19736842105263,3.11538461538462,3.17948717948718,3.16666666666667,3.14102564102564,3.12820512820513,3.1125,3.0875,3.08536585365854,3.1025641025641,3.06410256410256,3.04166666666667,3.02777777777778,2.97222222222222,3.02702702702703,3.01388888888889
CPIA business regulatory environment rating (1=low to 6=high),IQ.CPA.BREG.XQ,"Middle East, North Africa, Afghanistan & Pakistan",MEA,..,..,..,..,..,3.33333333333333,3.125,3.375,3.375,3.375,3.25,3,3,3,3,2.625,2.75,2.625,2.75,2.625,2.625
CPIA business regulatory environment rating (1=low to 6=high),IQ.CPA.BREG.XQ,"Middle East, North Africa, Afghanistan & Pakistan (excluding high income)",MNA,..,..,..,..,..,3.33333333333333,3.125,3.375,3.375,3.375,3.25,3,3,3,3,2.625,2.75,2.625,2.75,2.625,2.625
CPIA business regulatory environment rating (1=low to 6=high),IQ.CPA.BREG.XQ,"Middle East, North Africa, Afghanistan & Pakistan (IDA & IBRD)",TMN,..,..,..,..,..,3.33333333333333,3.125,3.375,3.375,3.375,3.25,3,3,3,3,2.625,2.75,2.625,2.75,2.625,2.625
CPIA business regulatory environment rating (1=low to 6=high),IQ.CPA.BREG.XQ,Middle income,MIC,..,..,..,..,..,3.4,3.30357142857143,3.38679245283019,3.38679245283019,3.37037037037037,3.37037037037037,3.29090909090909,3.25892857142857,3.26315789473684,3.21153846153846,3.17307692307692,3.1734693877551,3.14285714285714,3.09183673469388,3.1,3.0625
CPIA business regulatory environment rating (1=low to 6=high),IQ.CPA.BREG.XQ,North America,NAC,..,..,..,..,..,..,..,..,..,..,..,..,..,..,..,..,..,..,..,..,..
CPIA business regulatory environment rating (1=low to 6=high),IQ.CPA.BREG.XQ,Not classified,INX,..,..,..,..,..,..,..,..,..,..,..,..,..,..,..,..,..,..,..,..,..
CPIA business regulatory environment rating (1=low to 6=high),IQ.CPA.BREG.XQ,OECD members,OED,..,..,..,..,..,..,..,..,..,..,..,..,..,..,..,..,..,..,..,..,..
CPIA business regulatory environment rating (1=low to 6=high),IQ.CPA.BREG.XQ,Other small states,OSS,..,..,..,..,..,3.33333333333333,3,3.07142857142857,3.07142857142857,3,3,3.07142857142857,3.07142857142857,3.14285714285714,3.14285714285714,3,3,3,3.07142857142857,3.07142857142857,3.07142857142857
CPIA business regulatory environment rating (1=low to 6=high),IQ.CPA.BREG.XQ,Pacific island small states,PSS,..,..,..,..,..,3.1,3,3.1,3.1,3.1,3.1,2.85714285714286,2.75,2.75,2.75,2.75,2.75,2.75,2.75,2.6875,2.72222222222222
CPIA business regulatory environment rating (1=low to 6=high),IQ.CPA.BREG.XQ,Post-demographic dividend,PST,..,..,..,..,..,3.5,3.5,4,4,4,4,3.5,3.5,3.5,..,..,..,..,..,..,..
CPIA business regulatory environment rating (1=low to 6=high),IQ.CPA.BREG.XQ,Pre-demographic dividend,PRE,..,..,..,..,..,3.08333333333333,2.953125,2.984375,2.96875,2.96969696969697,2.89393939393939,2.90909090909091,2.91176470588235,2.92647058823529,2.96969696969697,2.98484848484848,2.95454545454545,2.89705882352941,2.89393939393939,2.80882352941176,2.82352941176471
CPIA business regulatory environment rating (1=low to 6=high),IQ.CPA.BREG.XQ,Small states,SST,..,..,..,..,..,3.53125,3.35294117647059,3.41176470588235,3.38235294117647,3.35294117647059,3.38235294117647,3.21052631578947,3.15,3.175,3.175,3.125,3.125,3.05,3.025,2.95,2.95238095238095
CPIA business regulatory environment rating (1=low to 6=high),IQ.CPA.BREG.XQ,South Asia,SAS,..,..,..,..,..,3.58333333333333,3.58333333333333,3.58333333333333,3.58333333333333,3.58333333333333,3.58333333333333,3.5,3.5,3.58333333333333,3.7,3.5,3.375,3.375,3.375,3.5,3.375
CPIA business regulatory environment rating (1=low to 6=high),IQ.CPA.BREG.XQ,South Asia (IDA & IBRD),TSA,..,..,..,..,..,3.58333333333333,3.58333333333333,3.58333333333333,3.58333333333333,3.58333333333333,3.58333333333333,3.5,3.5,3.58333333333333,3.7,3.5,3.375,3.375,3.375,3.5,3.375
CPIA business regulatory environment rating (1=low to 6=high),IQ.CPA.BREG.XQ,Sub-Saharan Africa,SSF,..,..,..,..,..,3.12162162162162,3.05405405405405,3.06756756756757,3.05405405405405,3.06578947368421,3.01315789473684,3.03947368421053,3.05128205128205,3.06410256410256,3.07894736842105,3.09210526315789,3.06578947368421,3.02564102564103,3.02631578947368,2.97435897435897,2.98717948717949
CPIA business regulatory environment rating (1=low to 6=high),IQ.CPA.BREG.XQ,Sub-Saharan Africa (excluding high income),SSA,..,..,..,..,..,3.11111111111111,3.04166666666667,3.05555555555556,3.04166666666667,3.05405405405405,3,3.02702702702703,3.03947368421053,3.05263157894737,3.06756756756757,3.08108108108108,3.06756756756757,3.02631578947368,3.02702702702703,2.96052631578947,2.97368421052632
CPIA business regulatory environment rating (1=low to 6=high),IQ.CPA.BREG.XQ,Sub-Saharan Africa (IDA & IBRD countries),TSS,..,..,..,..,..,3.12162162162162,3.05405405405405,3.06756756756757,3.05405405405405,3.06578947368421,3.01315789473684,3.03947368421053,3.05128205128205,3.06410256410256,3.07894736842105,3.09210526315789,3.06578947368421,3.02564102564103,3.02631578947368,2.97435897435897,2.98717948717949
CPIA business regulatory environment rating (1=low to 6=high),IQ.CPA.BREG.XQ,Upper middle income,UMC,..,..,..,..,..,3.85294117647059,3.73529411764706,3.96428571428571,4,3.96666666666667,4,3.76666666666667,3.6875,3.71875,3.53846153846154,3.5,3.53846153846154,3.46153846153846,3.42307692307692,3.30769230769231,3.20833333333333
CPIA business regulatory environment rating (1=low to 6=high),IQ.CPA.BREG.XQ,World,WLD,..,..,..,..,..,3.30921052631579,3.21794871794872,3.28,3.27333333333333,3.26623376623377,3.24025974025974,3.18589743589744,3.16875,3.17901234567901,3.13815789473684,3.10526315789474,3.0958904109589,3.04054054054054,3.01369863013699,2.96666666666667,2.93835616438356
,,,,,,,,,,,,,,,,,,,,,,,,
,,,,,,,,,,,,,,,,,,,,,,,,
,,,,,,,,,,,,,,,,,,,,,,,,
Data from database: World Development Indicators,,,,,,,,,,,,,,,,,,,,,,,,
Last Updated: 10/07/2025,,,,,,,,,,,,,,,,,,,,,,,,
